"target","score","p","padj","norm_z_score","norm_z_score_p","norm_z_score_p_adj"
"PAX8",2893.94581198916,0,0,2.46448452726347,0.0137210487546729,0.358755225975839
"TOP2A",3478.53767505201,0,0,2.36844754192553,0.0178629133455257,0.405048808809449
"EPAS1",3895.95496783033,0,0,2.35877420840662,0.0183354080797739,0.405048808809449
"ATP1A1",4486.04728003048,0,0,2.28343876826533,0.0224045358265345,0.405048808809449
"ATP1A4",4486.04728003048,0,0,2.28343876826533,0.0224045358265345,0.405048808809449
"ATP1B1",4486.04728003048,0,0,2.28343876826533,0.0224045358265345,0.405048808809449
"ATP1B2",4486.04728003048,0,0,2.28343876826533,0.0224045358265345,0.405048808809449
"ATP1A2",4486.04728003048,0,0,2.28343876826533,0.0224045358265345,0.405048808809449
"FXYD2",4486.04728003048,0,0,2.28343876826533,0.0224045358265345,0.405048808809449
"ATP1B3",4486.04728003048,0,0,2.28343876826533,0.0224045358265345,0.405048808809449
"ATP1A3",4486.04728003048,0,0,2.28343876826533,0.0224045358265345,0.405048808809449
"TOP2B",4465.1041989445,0,0,2.27477906683245,0.0229191865935127,0.405048808809449
"STAT3",3915.48066579211,0,0,2.20621043142262,0.0273692692348278,0.421096367693653
"HSPA5",1929.75672052711,0,0,2.09617057853404,0.0360670618804287,0.495690901741276
"TOP1",5327.92052850854,0,0,1.97642764342899,0.0481063632585785,0.586022970604501
"NCOA3",4329.20229425906,0,0,1.92791707524674,0.0538654414959079,0.620780218089721
"HTT",1596.5060487746,0,0,1.86766965959387,0.0618081301891954,0.662583155628175
"HBB",2601.75383736607,0,0,1.84439605129079,0.0651254423699762,0.677641755194702
"HDAC3",2381.5535225619,0,0,1.83529751869439,0.0664616185333958,0.678541476836193
"TP53",1214.97283826257,0,0,1.77054813325241,0.0766358734810708,0.725804545275719
"NCOR1",3965.60970295685,0,0,1.72584037697156,0.084376133590766,0.725804545275719
"RXFP1",2981.80300557146,0,0,1.71694773970558,0.0859887210795078,0.725804545275719
"HDAC2",2220.95506098665,0,0,1.71528538131656,0.0862929174462321,0.725804545275719
"CTSG",4643.29467470397,0,0,1.71433765615088,0.0864667311396684,0.725804545275719
"PSMD14",6011.98320070734,0,0,1.67301854079022,0.0943236461308772,0.725804545275719
"PSMB2",6011.98320070734,0,0,1.67301854079022,0.0943236461308772,0.725804545275719
"PSMB1",6011.98320070734,0,0,1.67301854079022,0.0943236461308772,0.725804545275719
"PSMB5",6011.98320070734,0,0,1.67301854079022,0.0943236461308772,0.725804545275719
"HDAC9",2258.86574243982,0,0,1.64356846731174,0.100265371837724,0.725804545275719
"HDAC4",2258.86574243982,0,0,1.64356846731174,0.100265371837724,0.725804545275719
"HDAC5",2258.86574243982,0,0,1.64356846731174,0.100265371837724,0.725804545275719
"HDAC7",2258.86574243982,0,0,1.64356846731174,0.100265371837724,0.725804545275719
"BRD4",3354.17423909213,0,0,1.62448479906718,0.104272382021481,0.725804545275719
"SSTR2",5781.96471344747,0,0,1.61389907690518,0.106549318935081,0.725804545275719
"SSTR4",5781.96471344747,0,0,1.61389907690518,0.106549318935081,0.725804545275719
"SSTR5",4331.01642086273,0,0,1.59732028014463,0.110194332452819,0.729187187589027
"HDAC11",2229.07332726008,0,0,1.54342170818746,0.122728489964595,0.771106628710066
"SLC2A1",2937.21635276683,0,0,1.52722132972484,0.126705984110491,0.782353532055603
"NPEPPS",4083.21456555563,0,0,1.4945436625244,0.135033578637957,0.815367094679175
"DNMT1",4093.6622548231,0,0,1.48387199603863,0.137842882407107,0.82093094411344
"HDAC8",1992.73315425679,0,0,1.46939304297609,0.14172621321711,0.830810007890539
"CCND3",3437.22811579657,0,0,1.46902241930538,0.141826708436538,0.830810007890539
"ACVR2A",2991.87800473721,0,0,1.43338797882837,0.151746991869444,0.848612136611761
"NCOR2",2463.11913591912,0,0,1.42777490841441,0.153356657168366,0.848612136611761
"TGFBR2",2450.84907137137,0,0,1.42373981321385,0.154521804119287,0.848612136611761
"HSP90AA1",1735.11365546438,0,0,1.41408292558175,0.157337555799313,0.848612136611761
"CCND2",3845.19050948275,0,0,1.38881269761627,0.164889713083929,0.848612136611761
"BMPR1A",2934.46676925274,0,0,1.3869805230367,0.16544770200733,0.848612136611761
"CXCL8",2392.21973493979,0,0,1.38336056171932,0.166554336889821,0.850220234028039
"GSK3A",2181.60576938709,0,0,1.37612025126664,0.168784406749627,0.857520777419904
"HDAC1",1814.80563508101,0,0,1.31962418286861,0.186960524712316,0.905978195042091
"ACVRL1",2415.21309501661,0,0,1.31164903779022,0.189638579161919,0.905978195042091
"MAPKAPK5",3097.11038944346,0,0,1.31114866134541,0.189807543198046,0.905978195042091
"CDK4",1957.37694018179,0,0,1.22786047666466,0.21949934846715,0.967212686017916
"CDC42BPB",2030.20544756539,0,0,1.1753006320572,0.239874461742783,0.978581221316859
"MAPK12",2137.64640440995,0,0,1.17318616326417,0.240721159538874,0.978581221316859
"MAPK13",2137.64640440995,0,0,1.17318616326417,0.240721159538874,0.978581221316859
"TGFBR1",1950.0754507715,0,0,1.17023297967942,0.241907224286838,0.978581221316859
"CDC42BPA",1952.10087633964,0,0,1.16656447697394,0.243386295976992,0.978581221316859
"MAK",2543.73610043715,0,0,1.16391512316831,0.24445841021201,0.978581221316859
"RAF1",1782.95187987293,0,0,1.16023832267794,0.245951788157919,0.978581221316859
"HDAC10",1783.3590321463,0,0,1.15513013206268,0.248037140618057,0.978581221316859
"CDK6",2529.56825018182,0,0,1.15246431591632,0.249130325106041,0.978581221316859
"CDK8",1936.75249768702,0,0,1.15092419842652,0.249763421589585,0.978581221316859
"ARAF",2771.66932424827,0,0,1.15027567662118,0.250030345642619,0.978581221316859
"TACR1",2069.8711815109,0,0,1.13113972227043,0.257996287671555,0.978581221316859
"ALPI",4001.82163813198,0,0,1.12651044289807,0.259949522865335,0.978581221316859
"CASR",3198.10865664468,0,0,1.12638161603131,0.260004024881981,0.978581221316859
"GAPDH",3198.35299878985,0,0,1.11992879258512,0.262744107501743,0.978581221316859
"MGAM",3154.15909220944,0,0,1.11370858944278,0.265404223200084,0.978581221316859
"AHR",1836.48274326871,0,0,1.10137993223175,0.270731335691509,0.978581221316859
"GSK3B",1709.6808962565,0,0,1.09748382912973,0.272429945910116,0.978581221316859
"CGA",2118.31279703511,0,0,1.09250365525901,0.274611784714517,0.978581221316859
"EPHA2",1679.47353682631,0,0,1.09207667621771,0.274799400217968,0.978581221316859
"PRKCB",1934.33985551927,0,0,1.09128823651144,0.275146072290319,0.978581221316859
"SLCO1B3",1540.71772167011,0,0,1.08868864725953,0.276291209829221,0.978581221316859
"MAPK11",2021.0411478934,0,0,1.08452375890952,0.278132638508041,0.978581221316859
"MNAT1",3898.81335905474,0,0,1.08387626183134,0.278419666028217,0.978581221316859
"CDC42BPG",1996.99290555445,0,0,1.07485855238417,0.28243806101962,0.979240985479017
"MAPK15",1847.27720195732,0,0,1.07321194770247,0.283176031248596,0.979240985479017
"CDK5",1514.17840114181,0,0,1.07090315789892,0.284212975817965,0.979666591887004
"ACVR2B",2070.94250717901,0,0,1.06292650331731,0.287815282856816,0.982576822977121
"CASP1",1494.00019443424,0,0,1.05891128817517,0.28964018289251,0.982576822977121
"PRKCA",1819.76972895842,0,0,1.05136487464257,0.293091041778146,0.98803017857287
"RAB9A",1149.84429233994,0,0,1.04230383055793,0.297270836973205,0.998979113590206
"EP300",2952.745707538,0,0,1.03490836001675,0.300711710047664,0.999404607489873
"CDK13",1934.76954836635,0,0,1.02843671918631,0.303744443454915,0.999404607489873
"CCNA2",1693.51947031796,0,0,1.02135447543628,0.30708652567309,0.999404607489873
"CAMK4",2294.21990911825,0,0,1.01747198249499,0.308928954036525,0.999404607489873
"NCOA1",3584.78811992605,0,0,1.01668743674608,0.309302144146069,0.999404607489873
"NR0B1",2331.69318781454,0,0,1.01299178011456,0.311064087178312,0.999404607489873
"BMP4",3678.79567558878,0,0,1.01243431420464,0.311330438486018,0.999404607489873
"CCNH",2467.59539592438,0,0,0.985617242209325,0.32432097374322,0.999404607489873
"ALPL",2776.34048888049,0,0,0.975066284596235,0.329527381381047,0.999404607489873
"POLH",1367.39952701628,0,0,0.967158059542557,0.333465024839943,0.999404607489873
"CCNE1",1676.40776815083,0,0,0.964064707902662,0.335013485204996,0.999404607489873
"IDH1",986.688321608917,0,0,0.953664199753678,0.340253647285206,0.999404607489873
"CDK3",2019.62987335457,0,0,0.946594526427072,0.343845434157859,0.999404607489873
"MC3R",2158.10419838057,0,0,0.941596850239168,0.346399082966788,0.999404607489873
"MKNK1",1560.4072657346,0,0,0.935459981568004,0.349551297682969,0.999404607489873
"CDK19",1687.82560412242,0,0,0.932662288601551,0.350994361697221,0.999404607489873
"MAPK3",1724.83831368933,0,0,0.924948781449581,0.354992550317591,0.999404607489873
"SRMS",1582.3053682059,0,0,0.919260355315154,0.357959408778771,0.999404607489873
"CDC25B",3310.76609597299,0,0,0.918035809205559,0.358600118832058,0.999404607489873
"CDC25C",3310.76609597299,0,0,0.918035809205559,0.358600118832058,0.999404607489873
"PRKCD",1471.50421143504,0,0,0.910139293781961,0.362749054230158,0.999404607489873
"CCND1",1786.41089160594,0,0,0.906095982566301,0.364885051557092,0.999404607489873
"METAP2",3228.75950486295,0,0,0.900848193956915,0.367669039189259,0.999404607489873
"EPHA5",1416.02153815006,0,0,0.89834257804185,0.369002939542255,0.999404607489873
"CSNK1G1",1951.84521116761,0,0,0.894806087493202,0.370890755613379,0.999404607489873
"NPC1",1104.16632497934,0,0,0.894680839752735,0.370957723916118,0.999404607489873
"MAPK9",1392.13433434039,0,0,0.890077936781205,0.373424038996695,0.999404607489873
"NFE2L2",906.188233857982,0,0,0.888321719011813,0.374367720043074,0.999404607489873
"TACR2",1216.78327130403,0,0,0.888320441168642,0.374368407212164,0.999404607489873
"BRAF",1488.68816525536,0,0,0.887634809094031,0.374737223133465,0.999404607489873
"TYR",2577.41347300847,0,0,0.886779532320226,0.375197609234543,0.999404607489873
"CDK18",2073.66814654419,0,0,0.886052296517318,0.375589347071013,0.999404607489873
"SF3B3",2579.24760183899,0,0,0.884493695904694,0.376429764023776,0.999404607489873
"ACVR1",1579.04805043438,0,0,0.882893908250634,0.377293595275553,0.999404607489873
"BMPR1B",1478.85299073309,0,0,0.882757160774815,0.377367490940692,0.999404607489873
"CCKBR",2593.76856054744,0,0,0.881152955581429,0.378235038182286,0.999404607489873
"PTBP1",3174.75516437585,0,0,0.880891177862974,0.378376722921991,0.999404607489873
"SLCO4C1",2263.88004674422,0,0,0.880172151865589,0.378766057141505,0.999404607489873
"CCNA1",1731.53076669641,0,0,0.867330479476158,0.38576096110881,0.999404607489873
"CDK5R1",1494.27758339353,0,0,0.866309904753511,0.386320236060104,0.999404607489873
"DHCR7",2535.92183078859,0,0,0.863129351236159,0.388066351840848,0.999404607489873
"PDK1",3140.75243147657,0,0,0.862893704094352,0.388195912570058,0.999404607489873
"PRKX",2027.21940886912,0,0,0.862313847543712,0.388514834632066,0.999404607489873
"PLK3",1916.89923536134,0,0,0.86229394087323,0.388525786165871,0.999404607489873
"MAPKAPK2",2011.6746589224,0,0,0.859885549531668,0.389852134883372,0.999404607489873
"CASP7",1298.2017637069,0,0,0.853542991588319,0.393358257218305,0.999404607489873
"PRKCG",1639.7265299718,0,0,0.850683028384707,0.394945453352595,0.999404607489873
"CDK9",1545.82236462748,0,0,0.844562228088192,0.398355305743742,0.999404607489873
"MAPK8",1483.21113772771,0,0,0.842113676739601,0.399724326472347,0.999404607489873
"G6PD",2484.28521878268,0,0,0.841671386121347,0.399971918985113,0.999404607489873
"STK32A",1853.34932606633,0,0,0.830830845664507,0.40606919467392,0.999404607489873
"CCNT1",1760.78654571865,0,0,0.830496965644905,0.406257862717857,0.999404607489873
"STK32C",2418.77502188774,0,0,0.824556696274549,0.409623314915865,0.999404607489873
"CDKL1",2418.77502188774,0,0,0.824556696274549,0.409623314915865,0.999404607489873
"MAP3K5",2418.77502188774,0,0,0.824556696274549,0.409623314915865,0.999404607489873
"MAP3K6",2418.77502188774,0,0,0.824556696274549,0.409623314915865,0.999404607489873
"DHFR",1970.13963412757,0,0,0.824222512938413,0.409813137390002,0.999404607489873
"TNNI3K",1386.6785353855,0,0,0.815270548780585,0.414917462963107,0.999404607489873
"F3",1935.77346005341,0,0,0.812594188685905,0.416450764524726,0.999404607489873
"EIF2AK2",1490.41593817738,0,0,0.804514398405573,0.421099957261455,0.999404607489873
"SMAD3",961.168201012986,0,0,0.801241519753473,0.422991838880669,0.999404607489873
"IDO1",1601.07196451641,0,0,0.800687121332821,0.423312800105365,0.999404607489873
"DAGLB",2843.72855879752,0,0,0.798379555300127,0.424650263848273,0.999404607489873
"DAGLA",2843.72855879752,0,0,0.798379555300127,0.424650263848273,0.999404607489873
"PLA2G7",2843.72855879752,0,0,0.798379555300127,0.424650263848273,0.999404607489873
"NSD2",2362.91576982556,0,0,0.794230683427741,0.427061148902911,0.999404607489873
"NR1H4",1102.52873950949,0,0,0.791924888403588,0.428404473935087,0.999404607489873
"PIK3C2A",2348.48696090452,0,0,0.791909336002353,0.428413542892768,0.999404607489873
"ACVR1B",1780.69617532716,0,0,0.791271115291121,0.428785800186212,0.999404607489873
"CDKL5",1767.97956116469,0,0,0.786522493802381,0.431561446348746,0.999404607489873
"RARG",1893.16936977863,0,0,0.781520276073045,0.434496556079582,0.999404607489873
"RARB",1893.16936977863,0,0,0.781520276073045,0.434496556079582,0.999404607489873
"RARA",1893.16936977863,0,0,0.781520276073045,0.434496556079582,0.999404607489873
"HDAC6",1321.44789469538,0,0,0.781047864328601,0.434774343789837,0.999404607489873
"GALE",2320.0463284608,0,0,0.779264954075657,0.435823654609942,0.999404607489873
"PLD1",2273.32306203487,0,0,0.758474598448519,0.44816691411625,0.999404607489873
"PLD2",2273.32306203487,0,0,0.758474598448519,0.44816691411625,0.999404607489873
"TAOK1",1291.78483984777,0,0,0.755339768225066,0.450045142996454,0.999404607489873
"MAP3K10",1525.344277689,0,0,0.752482889306894,0.451760715929104,0.999404607489873
"CDK17",1571.42017689304,0,0,0.749438555055889,0.453592920116994,0.999404607489873
"PIM2",1706.94563025859,0,0,0.738919053199546,0.459956151948423,0.999404607489873
"ICK",1706.94563025859,0,0,0.738919053199546,0.459956151948423,0.999404607489873
"SGK3",1795.953320522,0,0,0.725169427812473,0.46834809584395,0.999404607489873
"CBR1",2168.64226962955,0,0,0.723809946544776,0.469182422035211,0.999404607489873
"JAK2",1236.69071180737,0,0,0.723709807068985,0.469243911043981,0.999404607489873
"KARS",2592.70838357045,0,0,0.722857188599492,0.469767627954085,0.999404607489873
"SGK1",2592.70838357045,0,0,0.722857188599492,0.469767627954085,0.999404607489873
"EPHB1",1242.93807208401,0,0,0.71722210194093,0.473237063767166,0.999404607489873
"PRKCH",1527.5234094214,0,0,0.714545266450836,0.474890075781019,0.999404607489873
"RECQL",1042.03280751218,0,0,0.71122471360253,0.476944996374484,0.999404607489873
"TAB1",2125.58229797385,0,0,0.707191898791101,0.479447232284757,0.999404607489873
"CYP51A1",1663.57462409956,0,0,0.706946486150939,0.479599734064127,0.999404607489873
"METAP1",2132.33333355489,0,0,0.70501480401535,0.480801023404044,0.999404607489873
"CCNB3",1303.04537380651,0,0,0.700666640483957,0.483511079373387,0.999404607489873
"CCNB2",1303.04537380651,0,0,0.700666640483957,0.483511079373387,0.999404607489873
"CCNB1",1303.04537380651,0,0,0.700666640483957,0.483511079373387,0.999404607489873
"EPHA1",1284.73367227041,0,0,0.699436695245188,0.4842791620448,0.999404607489873
"AURKA",1226.76041974443,0,0,0.69851205165331,0.484857023647873,0.999404607489873
"COQ8A",1857.11522507778,0,0,0.686659776208091,0.49229715011932,0.999404607489873
"NEK9",1717.7055674825,0,0,0.685362861558792,0.493114973356137,0.999404607489873
"PIK3CA",1403.92405309828,0,0,0.684405478296374,0.493719157640793,0.999404607489873
"PTK6",1298.17776053578,0,0,0.667343479591808,0.504552759588334,0.999404607489873
"ASAH1",2374.69086086327,0,0,0.666553540326655,0.505057353786576,0.999404607489873
"CHEK1",1345.04063254768,0,0,0.666032426322548,0.505390374372256,0.999404607489873
"VDR",948.839218620612,0,0,0.660391159871911,0.509002843659623,0.999404607489873
"GPR18",2307.6854754441,0,0,0.653350569973627,0.513530297727406,0.999404607489873
"NLK",1375.34768358137,0,0,0.649085094176353,0.516283375873728,0.999404607489873
"CSNK1A1",1398.79853415903,0,0,0.636296198258897,0.524583382407553,0.999404607489873
"PIP5K1C",1642.43662419038,0,0,0.633236398306766,0.526579279912666,0.999404607489873
"PIK3C3",1765.18954410624,0,0,0.633187453359576,0.52661123802691,0.999404607489873
"CHUK",1629.44701049978,0,0,0.628937841725813,0.529389750660004,0.999404607489873
"EPHA7",1235.33435989831,0,0,0.62891785018417,0.529402839275364,0.999404607489873
"RELA",1624.22511089133,0,0,0.624090825557648,0.532567938714227,0.999404607489873
"NFKB2",1624.22511089133,0,0,0.624090825557648,0.532567938714227,0.999404607489873
"IRAK4",1263.39162413484,0,0,0.616317586427627,0.537684934076742,0.999404607489873
"BRSK2",1723.91997452323,0,0,0.615060925622602,0.538514485668438,0.999404607489873
"AKT2",1723.91997452323,0,0,0.615060925622602,0.538514485668438,0.999404607489873
"STK38",1723.91997452323,0,0,0.615060925622602,0.538514485668438,0.999404607489873
"LIMK2",1360.49629105839,0,0,0.612459016437784,0.540234105602652,0.999404607489873
"RPS6KA4",1320.3477395805,0,0,0.61019024687007,0.541735789766678,0.999404607489873
"SIRT3",2227.67904509284,0,0,0.605220241290874,0.545032668323894,0.999404607489873
"FYN",961.757774704837,0,0,0.604302817687961,0.545642333357568,0.999404607489873
"CDK15",1391.71252664074,0,0,0.602795928862144,0.546644455415239,0.999404607489873
"PIK3CD",1391.33361693637,0,0,0.601394420175525,0.547577314228891,0.999404607489873
"TERT",1855.05161923138,0,0,0.600281664722686,0.548318536132831,0.999404607489873
"NEK1",1665.39794726895,0,0,0.597801521253017,0.549972375505048,0.999404607489873
"SLCO2B1",1841.85888619373,0,0,0.59409617749179,0.552447787390226,0.999404607489873
"ERBB2",1004.7958808936,0,0,0.590270905314246,0.555009041948789,0.999404607489873
"AGTR2",1572.05985391486,0,0,0.589408346249152,0.555587379017697,0.999404607489873
"GRK1",1421.5366781652,0,0,0.586877179326332,0.557286197414609,0.999404607489873
"CSNK2A3",1796.11978921737,0,0,0.5855718243016,0.558163287186715,0.999404607489873
"PRKG1",1549.67055567502,0,0,0.585408008561725,0.558273405094902,0.999404607489873
"HSP90AB1",1357.73386054743,0,0,0.579921009422351,0.561967887094387,0.999404607489873
"PRKCE",1232.5503115836,0,0,0.576011587974512,0.564607349066096,0.999404607489873
"PIP4K2C",1355.12736305486,0,0,0.570825848546324,0.568117699329623,0.999404607489873
"MKNK2",1123.14118691962,0,0,0.570139927595365,0.568582796178283,0.999404607489873
"AKR1B10",1506.08452012292,0,0,0.563135979841667,0.573342292887353,0.999404607489873
"TSG101",1509.20279072386,0,0,0.559665547032625,0.575707586610593,0.999404607489873
"SPHK2",2032.66337111165,0,0,0.556715307864525,0.577721956349963,0.999404607489873
"SPHK1",2032.66337111165,0,0,0.556715307864525,0.577721956349963,0.999404607489873
"EPHA4",1209.37612380273,0,0,0.555921730874787,0.5782643619399,0.999404607489873
"PRKD1",1226.72861098865,0,0,0.553059277613277,0.580222820259623,0.999404607489873
"RAD54L",1987.65975403906,0,0,0.552647810460871,0.580504596790972,0.999404607489873
"DCLK1",1365.77901125849,0,0,0.552307334921484,0.580737806058765,0.999404607489873
"HIPK3",1232.627452415,0,0,0.547761561380611,0.583855635316417,0.999404607489873
"PTGDR",1722.48746161487,0,0,0.538451140672609,0.590265627975629,0.999404607489873
"MAP3K7",1110.07887700746,0,0,0.53822070326362,0.590424688556972,0.999404607489873
"PRKAA1",1194.0696532969,0,0,0.535102348157824,0.592579086301073,0.999404607489873
"CIT",1102.18285039801,0,0,0.532352028681658,0.594482203445556,0.999404607489873
"MAPK6",1525.25549893782,0,0,0.521003409535963,0.602364396212424,0.999404607489873
"EPHB3",1327.83670539063,0,0,0.520702180142239,0.60257425542877,0.999404607489873
"CDK14",1250.02935884633,0,0,0.518352360741017,0.60421244655561,0.999404607489873
"PRKCI",1363.16779784256,0,0,0.517129813307237,0.60506554308563,0.999404607489873
"BRCA1",1057.15610701251,0,0,0.511484967323815,0.609011512034324,0.999404607489873
"CACNA1H",1423.20779695495,0,0,0.510740983837376,0.609532438677792,0.999404607489873
"TESK1",1219.25263318781,0,0,0.50949092422879,0.610408158298427,0.999404607489873
"SIK3",1314.20058645646,0,0,0.508507453604748,0.611097513244055,0.999404607489873
"AKR1B1",1089.17893250549,0,0,0.504047008179507,0.614228343872264,0.999404607489873
"TRPM2",1649.73632143512,0,0,0.499523760067809,0.61741045250215,0.999404607489873
"RPS6KA5",1225.77886364108,0,0,0.499491475308665,0.617433190785224,0.999404607489873
"F2",1325.27363306346,0,0,0.498987982805956,0.61778784997785,0.999404607489873
"GSR",1612.57617246222,0,0,0.498956143501222,0.617810280522084,0.999404607489873
"MC4R",1317.40714894913,0,0,0.498090833161094,0.618420021357554,0.999404607489873
"STK17B",1160.89125407089,0,0,0.494520856940281,0.620938380199438,0.999404607489873
"CDKL3",1325.94591879055,0,0,0.491318728093843,0.623201035908991,0.999404607489873
"VRK2",1404.7731492345,0,0,0.489246662771979,0.624667077246632,0.999404607489873
"NOX4",1447.08776878834,0,0,0.488728140178224,0.625034178572186,0.999404607489873
"CSNK2B",1189.38517020056,0,0,0.488447129110846,0.625233166420823,0.999404607489873
"PI4KB",1243.72254837646,0,0,0.487750552518171,0.625726539750204,0.999404607489873
"CSNK1A1L",1267.92039816297,0,0,0.48560660865772,0.627246109961532,0.999404607489873
"CCR5",1588.88564259965,0,0,0.484917988666967,0.627734521547619,0.999404607489873
"PTK2B",1118.36231491708,0,0,0.484486180118161,0.628040869912598,0.999404607489873
"IKBKB",1382.17853385487,0,0,0.484461413490429,0.628058442643298,0.999404607489873
"TAOK2",1124.80893588919,0,0,0.483204949854717,0.628950221103524,0.999404607489873
"MYO3B",1238.10036607992,0,0,0.481364176451236,0.63025769264402,0.999404607489873
"EPHA3",1017.81925956599,0,0,0.480114025551413,0.631146315666198,0.999404607489873
"PRKDC",1267.07178463434,0,0,0.477615665317129,0.632923779058099,0.999404607489873
"BCL2L2",1758.64134715859,0,0,0.474046657773606,0.635466635792876,0.999404607489873
"PTGIR",1450.02728663178,0,0,0.472151309064864,0.636818791371427,0.999404607489873
"MUSK",1116.1070311221,0,0,0.469224243118393,0.638909358569986,0.999404607489873
"SBK1",1159.18254125318,0,0,0.46842389758124,0.639481481669932,0.999404607489873
"RPS6KA1",1121.51942750094,0,0,0.468332731842291,0.639546664668796,0.999404607489873
"THRA",1435.05055284491,0,0,0.467837978309517,0.639900459231932,0.999404607489873
"EPHB2",1098.68524164305,0,0,0.462653235454732,0.643612943545284,0.999404607489873
"PRKD3",1059.48425964868,0,0,0.462190760980185,0.643944528136233,0.999404607489873
"SNCA",931.509623048687,0,0,0.457402040918618,0.647382097680645,0.999404607489873
"PDPK1",1206.0356681828,0,0,0.448842505584289,0.653545273682896,0.999404607489873
"NEK11",1394.02791227431,0,0,0.44826213120431,0.653964027175229,0.999404607489873
"DMPK",1062.53254010374,0,0,0.447658221244764,0.65439987780339,0.999404607489873
"CDK1",1030.34021085521,0,0,0.446967243350463,0.654898711179102,0.999404607489873
"LTA4H",1265.1600325407,0,0,0.445408205672284,0.656024783303657,0.999404607489873
"MYLK2",1061.45422613364,0,0,0.445208939906668,0.656168766733564,0.999404607489873
"TLR9",1595.6282453179,0,0,0.444936527001991,0.656365624746626,0.999404607489873
"MAPK10",1021.0230817882,0,0,0.443027170272543,0.657746082264484,0.999404607489873
"LPO",1448.92983529743,0,0,0.43754221194026,0.661718169979363,0.999404607489873
"MITF",1450.78914524186,0,0,0.436110159083636,0.662756806690903,0.999404607489873
"STK35",1050.71954788351,0,0,0.432225248261724,0.665577710599851,0.999404607489873
"SNRK",1456.83994987854,0,0,0.431498589642189,0.666105877886318,0.999404607489873
"FKBP1A",1276.50336145737,0,0,0.428846759920755,0.668034747243889,0.999404607489873
"PLK4",994.315735608493,0,0,0.426182847089998,0.669974615347743,0.999404607489873
"DAPK2",1291.60080759037,0,0,0.42578674977446,0.670263242881147,0.999404607489873
"OXSR1",1291.60080759037,0,0,0.42578674977446,0.670263242881147,0.999404607489873
"PRKAA2",1158.58555559012,0,0,0.424263871670039,0.671373384226107,0.999404607489873
"EPHB4",1002.0960251478,0,0,0.422753552531038,0.672475079039545,0.999404607489873
"MAP2K3",1159.64817151553,0,0,0.421545903766919,0.673356498806535,0.999404607489873
"ANPEP",1446.87199518691,0,0,0.421101311762011,0.673681103744705,0.999404607489873
"LAP3",1446.87199518691,0,0,0.421101311762011,0.673681103744705,0.999404607489873
"PIK3C2B",1211.20991315716,0,0,0.418185805467832,0.675811273103973,0.999404607489873
"FLT1",937.602587159514,0,0,0.417892950318639,0.676025387043085,0.999404607489873
"FLT3",901.672217949445,0,0,0.413814832562134,0.67900972040481,0.999404607489873
"ERAP1",1396.82857427743,0,0,0.413618684224849,0.679153387540171,0.999404607489873
"CCNE2",1137.67112800751,0,0,0.41271732673332,0.679813728739273,0.999404607489873
"CAMKK1",1101.29520756193,0,0,0.412411275153414,0.680038000300041,0.999404607489873
"HIPK1",1106.29473039815,0,0,0.412052322595623,0.680301073243073,0.999404607489873
"CYP17A1",1135.68489585872,0,0,0.41013125787686,0.68170966417116,0.999404607489873
"DYRK1B",1072.81133296617,0,0,0.409843199942193,0.681920974013292,0.999404607489873
"TAOK3",1020.30911086001,0,0,0.408243213809897,0.68309512503049,0.999404607489873
"CSNK2A1",1008.17298769956,0,0,0.407706799439632,0.683488944960974,0.999404607489873
"MAP2K4",1150.4905777409,0,0,0.406738125931631,0.684200335219297,0.999404607489873
"PTGER2",1353.60879350535,0,0,0.393290553356096,0.694104894596735,0.999404607489873
"HIPK2",1049.34885180837,0,0,0.391487432079931,0.695436976657554,0.999404607489873
"PIK3R1",1169.82774807503,0,0,0.391318486552415,0.695561835875809,0.999404607489873
"FGFR3",992.450816852677,0,0,0.389389330465679,0.696988163541955,0.999404607489873
"FRK",925.320243586093,0,0,0.38658180602028,0.699065829405391,0.999404607489873
"PRKCQ",1020.40779596047,0,0,0.386375229613028,0.699218792423176,0.999404607489873
"CYP3A5",1257.09225154719,0,0,0.38489939275315,0.700311955821998,0.999404607489873
"DCLK2",1158.42208014139,0,0,0.376823705482462,0.706304622736097,0.999404607489873
"MAP3K15",1158.42208014139,0,0,0.376823705482462,0.706304622736097,0.999404607489873
"LATS1",1137.38203682731,0,0,0.369608666689015,0.711674092636608,0.999404607489873
"LATS2",1137.38203682731,0,0,0.369608666689015,0.711674092636608,0.999404607489873
"FGFR2",965.080337907316,0,0,0.369340216330791,0.711874152967312,0.999404607489873
"PMP22",940.999557976536,0,0,0.369059909465301,0.712083070428735,0.999404607489873
"SLC22A11",1304.21360378649,0,0,0.367366921647626,0.713345341949132,0.999404607489873
"NTRK2",972.6140673205,0,0,0.360242668594138,0.718665668770481,0.999404607489873
"PRPF4",1269.89097607488,0,0,0.356392025148493,0.721547000840147,0.999404607489873
"DLK1",1269.89097607488,0,0,0.356392025148493,0.721547000840147,0.999404607489873
"ACP1",1288.60951404444,0,0,0.353520573046745,0.723698208142616,0.999404607489873
"RACGAP1",1230.19863755058,0,0,0.35181657873061,0.724975824437346,0.999404607489873
"DYRK3",1140.76089726909,0,0,0.341696959115605,0.732578960794824,0.999404607489873
"ALK",918.566943128183,0,0,0.3325239474893,0.739493659997368,0.999404607489873
"TEC",1004.22500896762,0,0,0.32503661944912,0.745153356806797,0.999404607489873
"PIK3C2G",1127.24847843773,0,0,0.32397428122452,0.745957505618826,0.999404607489873
"UBE2N",1104.38743368283,0,0,0.320466898969782,0.748614419081068,0.999404607489873
"MYLK3",1000.05243300278,0,0,0.319451558052507,0.74938411949707,0.999404607489873
"CACNA1I",1141.12285103294,0,0,0.31370717919516,0.753743447634433,0.999404607489873
"BRSK1",1025.20697624093,0,0,0.311992117196972,0.755046514112546,0.999404607489873
"PAK4",998.406444642082,0,0,0.310242720576824,0.75637638578142,0.999404607489873
"LIMK1",954.21823893691,0,0,0.308422235961608,0.757761064262636,0.999404607489873
"JAK3",892.52204841691,0,0,0.30570710000343,0.759827666945088,0.999404607489873
"CLK2",944.66622412126,0,0,0.303315838968494,0.761649176658587,0.999404607489873
"STK36",929.525071129799,0,0,0.303004225600668,0.761886641328647,0.999404607489873
"CSNK1G2",1035.48859129671,0,0,0.298983507384651,0.764952629518074,0.999404607489873
"AKR1C3",1006.63909557497,0,0,0.295541572053085,0.767580199868742,0.999404607489873
"STK32B",986.471395122933,0,0,0.291620614977416,0.770576711758264,0.999404607489873
"EPHA6",874.6691780632,0,0,0.291571093498602,0.770614579555246,0.999404607489873
"MAP3K2",901.071062526796,0,0,0.289895936885415,0.771895850118575,0.999404607489873
"ULK2",962.749618985412,0,0,0.282866195957005,0.777279408433795,0.999404607489873
"PRKG2",1034.84049309518,0,0,0.279905759352378,0.779549808453054,0.999404607489873
"SLC47A2",896.736320290872,0,0,0.278761852805124,0.780427591433875,0.999404607489873
"TYK2",898.193444334923,0,0,0.278035184846385,0.780985349561075,0.999404607489873
"DSTYK",942.694040112454,0,0,0.277714333708555,0.781231656560489,0.999404607489873
"FGFR1",867.434526846656,0,0,0.276996617896578,0.781782703107662,0.999404607489873
"WDR48",1036.02118345168,0,0,0.276124990304993,0.782452067060759,0.999404607489873
"BMPR2",961.929976795362,0,0,0.274602096151249,0.783621955730893,0.999404607489873
"PTGER4",1014.24436634217,0,0,0.274076545549001,0.784025797881155,0.999404607489873
"PTGER1",1014.24436634217,0,0,0.274076545549001,0.784025797881155,0.999404607489873
"MINK1",866.157527574114,0,0,0.272677988128932,0.785100756641182,0.999404607489873
"MMP2",932.973217168688,0,0,0.271929657118016,0.785676107099521,0.999404607489873
"RPS6KA3",934.173400373786,0,0,0.268181522336375,0.788559597251017,0.999404607489873
"PIK3CB",984.428483948714,0,0,0.264364001305312,0.791499447835785,0.999404607489873
"PIK3CG",915.032932360814,0,0,0.262822028301504,0.792687756118097,0.999404607489873
"LRRK2",891.573789360206,0,0,0.259268215924489,0.795428301144517,0.999404607489873
"MAPK7",938.478331742503,0,0,0.257738913621667,0.7966084117058,0.999404607489873
"NEK5",986.391509751804,0,0,0.257115002485131,0.797089996471915,0.999404607489873
"MAP4K1",863.25145695885,0,0,0.254262531420871,0.799292744349934,0.999404607489873
"MMP12",978.471287482132,0,0,0.252833928826153,0.800396547885704,0.999404607489873
"RPS6KA6",913.857503675421,0,0,0.25252286151873,0.800636945617919,0.999404607489873
"CDK2",858.496806656373,0,0,0.251088901190901,0.801745376663047,0.999404607489873
"DAPK1",941.122119990102,0,0,0.249349716859157,0.803090276993247,0.999404607489873
"MAP4K3",867.143449284103,0,0,0.247321152800077,0.804659689618113,0.999404607489873
"MAP4K2",852.311639878174,0,0,0.245923841036058,0.805741187994483,0.999404607489873
"RPS6KB1",870.28165995122,0,0,0.240422969351153,0.810002373360223,0.999404607489873
"TACR3",825.566353187043,0,0,0.239232895609016,0.810924996106638,0.999404607489873
"DDR2",843.655928655331,0,0,0.23602732355963,0.813411467936515,0.999404607489873
"LTK",852.343218126908,0,0,0.234506914089013,0.814591466162309,0.999404607489873
"CAMK1",898.791315967288,0,0,0.234256168986729,0.814786111317861,0.999404607489873
"BMX",870.085614710697,0,0,0.232340787583479,0.816273335149529,0.999404607489873
"GRK7",906.088630152665,0,0,0.231969614756634,0.816561614050563,0.999404607489873
"CASP3",910.979966903187,0,0,0.229999410533377,0.818092227765286,0.999404607489873
"TTK",858.907122949893,0,0,0.229328231937135,0.818613812195457,0.999404607489873
"DAPK3",867.908012313181,0,0,0.226254650842804,0.821003367218546,0.999404607489873
"TBXAS1",810.767407101577,0,0,0.224520536623164,0.822352288863202,0.999404607489873
"INSRR",885.6207257063,0,0,0.224330087497454,0.822500466290353,0.999404607489873
"MAP3K3",839.788346737298,0,0,0.22205514426485,0.824270955804395,0.999404607489873
"MAPK4",921.932551247908,0,0,0.221284735209004,0.824870734926669,0.999404607489873
"USP1",777.488163951009,0,0,0.218901629555125,0.826726677051902,0.999404607489873
"TBK1",870.11893768622,0,0,0.218226486696661,0.827252648966055,0.999404607489873
"BTK",835.133964671046,0,0,0.217161706589968,0.828082326263338,0.999404607489873
"SRPK2",908.7518431911,0,0,0.215274872700087,0.829553019038498,0.999404607489873
"MARK4",908.7518431911,0,0,0.215274872700087,0.829553019038498,0.999404607489873
"PRPF4B",908.7518431911,0,0,0.215274872700087,0.829553019038498,0.999404607489873
"STK11",908.7518431911,0,0,0.215274872700087,0.829553019038498,0.999404607489873
"IKBKE",873.426400225878,0,0,0.213440130422123,0.830983682031027,0.999404607489873
"ROCK2",840.730823496674,0,0,0.2121860975878,0.831961852324001,0.999404607489873
"CAMK2B",864.611384726823,0,0,0.211740444151817,0.832309533544166,0.999404607489873
"FGFR4",847.296488734955,0,0,0.210307924220418,0.83342735095725,0.999404607489873
"KMT2A",747.114351371406,0,0,0.209771313735686,0.833846163233763,0.999404607489873
"STK33",844.745298277068,0,0,0.208287517969707,0.835004477144562,0.999404607489873
"SRPK1",859.535999611795,0,0,0.203754868558937,0.838545062574057,0.999404607489873
"CAMK2D",841.788580465406,0,0,0.202512511845142,0.839516078012877,0.999404607489873
"HIPK4",816.650006612021,0,0,0.198545959994751,0.842617929529648,0.999404607489873
"ABCG2",804.556497396227,0,0,0.196957097178291,0.84386111158132,0.999404607489873
"AKR1C2",837.489614547288,0,0,0.19642171414798,0.84428010185646,0.999404607489873
"TBXA2R",666.553572863918,0,0,0.195463363562392,0.845030216113796,0.999404607489873
"CAMKK2",835.390219764518,0,0,0.194904852949681,0.845467434949211,0.999404607489873
"PRKACA",851.910893376989,0,0,0.191999191949031,0.847742838381625,0.999404607489873
"WRN",863.695250042771,0,0,0.191017667773101,0.848511751139567,0.999404607489873
"KCNA5",852.887484091903,0,0,0.186673237189559,0.85191684084915,0.999404607489873
"CSNK2A2",806.344741694124,0,0,0.183825008777729,0.854150736283921,0.999404607489873
"AKT3",847.715563227574,0,0,0.180001246963664,0.857151589253316,0.999404607489873
"AKT1",834.845872103545,0,0,0.179794044690632,0.857314259080221,0.999404607489873
"STAT6",836.778113707557,0,0,0.179203729104617,0.85777773572437,0.999404607489873
"PRCP",818.574406370416,0,0,0.178742300277705,0.858140053184649,0.999404607489873
"SIRT2",840.272877645242,0,0,0.177720997574638,0.858942094078342,0.999404607489873
"AMY1A",822.966679708337,0,0,0.17186283559984,0.863545364684917,0.999404607489873
"CSF1R",777.706269071088,0,0,0.171371868297917,0.863931373385885,0.999404607489873
"MATK",841.630603542146,0,0,0.170583222956328,0.864551490700799,0.999404607489873
"TSSK1B",841.630603542146,0,0,0.170583222956328,0.864551490700799,0.999404607489873
"TNKS2",824.831574205335,0,0,0.168239986272716,0.866394484752194,0.999404607489873
"PTPN1",762.849398731321,0,0,0.164273369741289,0.869515944750784,0.999404607489873
"SRD5A2",779.156697906085,0,0,0.163593978585742,0.870050785234675,0.999404607489873
"ALOX12",781.679336453589,0,0,0.163143797492038,0.87040521630128,0.999404607489873
"DYRK1A",795.587773224826,0,0,0.162684117021509,0.870767153162062,0.999404607489873
"ZAP70",809.418597626631,0,0,0.157238369149294,0.87505699017921,0.999404607489873
"EYA2",814.087210012116,0,0,0.157111594145343,0.875156900256278,0.999404607489873
"TNF",805.035588382669,0,0,0.155728482347572,0.87624704539479,0.999404607489873
"NTRK3",794.963560104778,0,0,0.154469724299168,0.877239381191721,0.999404607489873
"ERBB3",786.795104443027,0,0,0.151979075816087,0.879203439009146,0.999404607489873
"KIF11",785.468712058599,0,0,0.151249575233256,0.879778844699668,0.999404607489873
"NEK6",724.083098443971,0,0,0.150650896766775,0.88025110972202,0.999404607489873
"APOBEC3F",794.319672085749,0,0,0.149922919824006,0.880825428683522,0.999404607489873
"SQLE",710.882937398927,0,0,0.147634361657169,0.882631335559162,0.999404607489873
"MAP3K20",768.550401855995,0,0,0.146299054979293,0.883685311849273,0.999404607489873
"NIM1K",796.077882272052,0,0,0.14504832283633,0.884672719076195,0.999404607489873
"CLK3",786.781923515707,0,0,0.144910222066579,0.884781755586832,0.999404607489873
"GALR3",726.05000210471,0,0,0.141672079182198,0.88733903003883,0.999404607489873
"APP",783.753264400361,0,0,0.140807117323072,0.888022320278248,0.999404607489873
"ROS1",783.767721554962,0,0,0.140487227776242,0.888275043170181,0.999404607489873
"RET",752.524173554022,0,0,0.136629105013462,0.891323969759071,0.999404607489873
"COQ8B",744.051876205522,0,0,0.135124935365365,0.892513095409612,0.999404607489873
"MST1R",781.554677465333,0,0,0.135063377938596,0.892561764977205,0.999404607489873
"FKBP1B",749.664356450113,0,0,0.134846748820174,0.892733043149006,0.999404607489873
"CNR2",749.373557123262,0,0,0.134035574558718,0.893374443805515,0.999404607489873
"NEK2",772.635032052648,0,0,0.13400075808486,0.893401974977084,0.999404607489873
"MDM2",707.997870078427,0,0,0.133960139882361,0.893434094035385,0.999404607489873
"IRAK1",772.836057011861,0,0,0.132319218519852,0.894731806848667,0.999404607489873
"CTDSP1",780.625335731645,0,0,0.130003210430002,0.896563886692801,0.999404607489873
"ABCB1",737.319218058775,0,0,0.128654952494303,0.897630681780243,0.999404607489873
"FES",763.98456507846,0,0,0.127124345148915,0.898841983138796,0.999404607489873
"CACNA1G",734.15583605571,0,0,0.126589197518263,0.899265547284966,0.999404607489873
"ALOX5",749.988634525164,0,0,0.123311841729168,0.901860164056198,0.999404607489873
"FKBP5",662.235080627314,0,0,0.122865536591657,0.902213576619616,0.999404607489873
"SUMO1",749.84646687654,0,0,0.118266248978136,0.905856699093405,0.999404607489873
"MBNL1",730.297779012124,0,0,0.118245167619762,0.905873402381662,0.999404607489873
"STK38L",736.315584002405,0,0,0.116972990083696,0.906881457310134,0.999404607489873
"PIP4K2B",736.315584002405,0,0,0.116972990083696,0.906881457310134,0.999404607489873
"MARK1",736.315584002405,0,0,0.116972990083696,0.906881457310134,0.999404607489873
"SIRT1",377.530343219998,0,0,0.110121144491474,0.912313299259834,0.999404607489873
"PRMT1",377.530343219998,0,0,0.110121144491474,0.912313299259834,0.999404607489873
"NTRK1",747.429985920613,0,0,0.107100790384989,0.914709020138913,0.999404607489873
"TRAP1",632.563317641384,0,0,0.106117247379532,0.915489326981203,0.999404607489873
"CNR1",733.46036810399,0,0,0.104861933211664,0.916485365279346,0.999404607489873
"CASK",735.305925242168,0,0,0.100501835315935,0.919945925845149,0.999404607489873
"EPHA8",736.586754193163,0,0,0.0997858761132424,0.920514321309294,0.999404607489873
"MEN1",717.35857450117,0,0,0.0948215590086439,0.924456562413068,0.999404607489873
"CLK1",739.325804885528,0,0,0.0948155330342581,0.924461348880059,0.999404607489873
"PPP3CA",605.862856180358,0,0,0.0940415506248074,0.925076150344957,0.999404607489873
"MARK2",727.846633424584,0,0,0.0921309112865696,0.926594029232375,0.999404607489873
"LCK",716.556416905556,0,0,0.0908524859655147,0.927609804688555,0.999404607489873
"ULK3",727.046782430408,0,0,0.0892425720460548,0.928889132730544,0.999404607489873
"PAK5",713.472933564999,0,0,0.0870643834528439,0.930620335733423,0.999404607489873
"MYO3A",714.359765938219,0,0,0.0867908720063491,0.930837743328692,0.999404607489873
"MAP3K13",721.841130974642,0,0,0.0858809535245823,0.931561052449103,0.999404607489873
"LYN",721.490972157959,0,0,0.0849437489878243,0.932306110788725,0.999404607489873
"DDR1",725.702592335497,0,0,0.084340931167492,0.932785369950366,0.999404607489873
"SIRT5",592.26048434014,0,0,0.0811256815018392,0.935342002112588,0.999404607489873
"STK3",718.733496550024,0,0,0.0800524479729667,0.936195542329419,0.999404607489873
"CCR4",633.855789459874,0,0,0.0788673082193201,0.937138166479877,0.999404607489873
"MAP2K1",716.840988768371,0,0,0.0770765553369361,0.938562643637675,0.999404607489873
"DHODH",275.522144522145,0,0,0.0769890767577463,0.938632234660303,0.999404607489873
"SBK3",696.982281246737,0,0,0.0726874786903908,0.942054812748357,0.999404607489873
"NEK7",696.982281246737,0,0,0.0726874786903908,0.942054812748357,0.999404607489873
"MAP3K1",704.129444744401,0,0,0.0709539198790876,0.943434429615703,0.999404607489873
"TNIK",711.895061544517,0,0,0.0698636935465333,0.944302150842905,0.999404607489873
"RIPK2",709.681433190387,0,0,0.0677632907247275,0.945974066321487,0.999404607489873
"STK17A",706.478745024575,0,0,0.0628914997502112,0.949852903662778,0.999404607489873
"PTK2",696.635088952142,0,0,0.0611279454522889,0.951257313507919,0.999404607489873
"PTGER3",635.338328221362,0,0,0.06003292846328,0.952129408854302,0.999404607489873
"CAMK1G",685.975617407238,0,0,0.05933647873819,0.952684106456138,0.999404607489873
"DCLK3",693.094913299508,0,0,0.0568023747679899,0.95470262220321,0.999404607489873
"ABL2",699.122205446351,0,0,0.0510505401359909,0.959285247816279,0.999404607489873
"CAMK2G",695.740839810488,0,0,0.0476211025702218,0.962018213688599,0.999404607489873
"STK39",658.757080530152,0,0,0.0473612770264216,0.962225290823953,0.999404607489873
"PLK2",658.757080530152,0,0,0.0473612770264216,0.962225290823953,0.999404607489873
"XDH",656.47589046951,0,0,0.0471285778037781,0.962410750843956,0.999404607489873
"TNK1",683.702486569082,0,0,0.0453164446111921,0.96385507999916,0.999404607489873
"MAP3K9",682.447252697248,0,0,0.0428288437264758,0.965837971110453,0.999404607489873
"ERBB4",687.136551822688,0,0,0.0400027283503883,0.968090951126636,0.999404607489873
"PRKACB",642.104986333911,0,0,0.0391590220194481,0.968763604251032,0.999404607489873
"EIF2AK1",644.174850284721,0,0,0.0390715587343264,0.968833336490066,0.999404607489873
"NOS2",95.5076762318142,0,0,0.0380499306652344,0.969647871913712,0.999404607489873
"NOS3",95.5076762318142,0,0,0.0380499306652344,0.969647871913712,0.999404607489873
"NOS1",95.5076762318142,0,0,0.0380499306652344,0.969647871913712,0.999404607489873
"OPRL1",466.115562424726,0,0,0.0366031287263438,0.970801448840811,0.999404607489873
"ULK1",651.403231839465,0,0,0.0360646222254234,0.971230831340279,0.999404607489873
"SHH",112.509042681456,0,0,0.0332780473965788,0.973452859702036,0.999404607489873
"RIPK4",660.52717213774,0,0,0.0329363120227405,0.973725375688054,0.999404607489873
"CACNA1B",623.995774108554,0,0,0.0320507437753123,0.974431583981001,0.999404607489873
"PRKACG",585.194097819858,0,0,0.0315452978383871,0.974834667652788,0.999404607489873
"CDK7",687.735696472709,0,0,0.0291484130769288,0.976746224131506,0.999404607489873
"PRKAB1",473.965785652671,0,0,0.0272180384496994,0.978285828433358,0.999404607489873
"PRKAG1",473.965785652671,0,0,0.0272180384496994,0.978285828433358,0.999404607489873
"JAK1",645.025070785947,0,0,0.0253428225538681,0.979781517429502,0.999404607489873
"MTOR",690.409876983901,0,0,0.0248869964293004,0.980145099369243,0.999404607489873
"MAP4K4",679.242120188891,0,0,0.0247579275995128,0.980248049674201,0.999404607489873
"DYRK2",661.596388909508,0,0,0.0229631692159252,0.981679651904719,0.999404607489873
"NR1H2",121.509766095973,0,0,0.0194243150660891,0.984502613448421,0.999404607489873
"NR1H3",121.509766095973,0,0,0.0194243150660891,0.984502613448421,0.999404607489873
"GLRA1",658.771754062898,0,0,0.0187861138924649,0.985011731378055,0.999404607489873
"MARK3",622.917293445699,0,0,0.0173735020796694,0.986138648242172,0.999404607489873
"ALOX5AP",378.694500341542,0,0,0.0132630025542844,0.989417965275705,0.999404607489873
"NR2F2",421.731535421163,0,0,0.0131220382810932,0.989530428705676,0.999404607489873
"SIK2",660.568221397528,0,0,0.0130323645571841,0.989601971867795,0.999404607489873
"TYRO3",647.928099679753,0,0,0.0127363456625562,0.989838141169017,0.999404607489873
"PLA2G1B",365.578453052328,0,0,0.011351845527999,0.990942732243566,0.999404607489873
"RAD52",611.326204335482,0,0,0.00860326088259757,0.993135675647738,0.999404607489873
"KDR",669.046623375499,0,0,0.00290641968910383,0.997681015867701,0.999404607489873
"PRKD2",647.573925247333,0,0,0.00288170431014808,0.9977007358044,0.999404607489873
"MAP3K4",632.499884144078,0,0,0.00275729721643294,0.997799997909119,0.999404607489873
"PHKG2",634.824508165325,0,0,-0.00074621391944754,0.999404607489873,0.999404607489873
"GAK",663.879414955543,0,0,-0.000894204861825149,0.999286527841637,0.999404607489873
"OPRK1",662.998352561833,0,0,-0.0021422423495293,0.99829073921117,0.999404607489873
"ERN1",600.885803350104,0,0,-0.00289266154838419,0.997691993229621,0.999404607489873
"MYLK4",559.418690820348,0,0,-0.00704449311702274,0.994379354190599,0.999404607489873
"PIM3",612.830561722602,0,0,-0.00941104253611191,0.992491185299309,0.999404607489873
"STK4",631.788355798446,0,0,-0.0100191327861942,0.992006022380757,0.999404607489873
"MELK",629.20362699693,0,0,-0.0103598027109472,0.99173422121906,0.999404607489873
"NR1I3",344.046062059957,0,0,-0.0136406772166939,0.989116651758227,0.999404607489873
"MAPK14",647.090516745922,0,0,-0.0174115811296496,0.986108270151146,0.999404607489873
"ABL1",661.112946855174,0,0,-0.0242732188393518,0.980634675105658,0.999404607489873
"SRC",660.072444899393,0,0,-0.0263832639619693,0.97895164292768,0.999404607489873
"CSK",623.334484991769,0,0,-0.0287668066806072,0.977050574349436,0.999404607489873
"SIK1",597.950595259033,0,0,-0.0327447692753575,0.973878122297784,0.999404607489873
"PDGFRA",651.144644916766,0,0,-0.0337276380549433,0.973094339525313,0.999404607489873
"WEE1",568.723639733809,0,0,-0.0338069653810328,0.973031081551217,0.999404607489873
"EIF2AK4",582.618170326493,0,0,-0.0357695324523493,0.971466127094406,0.999404607489873
"FGR",635.706555993209,0,0,-0.0382707041677459,0.969471848355268,0.999404607489873
"TXK",610.361110284198,0,0,-0.0399683358372311,0.96811837045353,0.999404607489873
"STK25",584.470915717859,0,0,-0.0430166630056698,0.965688250990513,0.999404607489873
"TLK2",503.685311751997,0,0,-0.047065920637598,0.962460688613988,0.999404607489873
"TIE1",625.462739764943,0,0,-0.0484420080303793,0.961363981017136,0.999404607489873
"MAP4K5",630.072585630884,0,0,-0.048508319925132,0.961311133907782,0.999404607489873
"IRAK3",585.99564714564,0,0,-0.0489862504466435,0.960930253338934,0.999404607489873
"MAP2K5",630.506018334833,0,0,-0.0526836186088676,0.957983991354409,0.999404607489873
"MCL1",528.293668524491,0,0,-0.0548847973433819,0.956230243584468,0.999404607489873
"PTPN11",233.705152211361,0,0,-0.0575968675617274,0.954069744856335,0.999404607489873
"RIPK1",556.669319795709,0,0,-0.0641862781466481,0.948821903316763,0.999404607489873
"CA13",571.238449244936,0,0,-0.0660910347472568,0.947305348482007,0.999404607489873
"KIT",635.850118658809,0,0,-0.0701658529374799,0.944061652723001,0.999404607489873
"CAMK2A",549.933152600791,0,0,-0.076199028611112,0.939260755500281,0.999404607489873
"PAK6",492.843908031918,0,0,-0.0768737212945314,0.938724003038326,0.999404607489873
"NPY2R",-241.51941162286,1,1,-0.0808342669313126,0.935573756157959,0.999404607489873
"ABHD5",449.268974389091,0,0,-0.0809584347035252,0.93547500825282,0.999404607489873
"PLIN5",449.268974389091,0,0,-0.0809584347035252,0.93547500825282,0.999404607489873
"AVPR1A",422.115871060047,0,0,-0.0812436867695475,0.935248157304945,0.999404607489873
"APAF1",181.509093959839,0,0,-0.0830939730416563,0.933776818090682,0.999404607489873
"HUNK",511.420247114142,0,0,-0.0876950223041079,0.930119076008446,0.999404607489873
"MERTK",588.250890683087,0,0,-0.0885380992898821,0.929449004368988,0.999404607489873
"CHEK2",554.4320360103,0,0,-0.089495591980726,0.928688056617731,0.999404607489873
"AOX1",542.440535138617,0,0,-0.0924434929672225,0.926345684956518,0.999404607489873
"PDE2A",275.655293768942,0,0,-0.0948522558694854,0.924432179757932,0.999404607489873
"RBP4",140.427051889594,0,0,-0.0966309372937555,0.923019487047356,0.999404607489873
"PKN2",521.02355474678,0,0,-0.096782952930201,0.922898761964667,0.999404607489873
"CASP6",305.329043811393,0,0,-0.0974785984713446,0.922346329226985,0.999404607489873
"FER",556.798860611566,0,0,-0.100357269757277,0.92006069223811,0.999404607489873
"RPS6KA2",550.286022527111,0,0,-0.101065381233001,0.919498559070976,0.999404607489873
"YES1",613.453437412062,0,0,-0.103006428696805,0.917957868734819,0.999404607489873
"ROCK1",543.445222836851,0,0,-0.106958827638999,0.914821643101724,0.999404607489873
"MAST1",446.185238721046,0,0,-0.112670461818736,0.910291820150163,0.999404607489873
"BDKRB2",72.3325827604173,0,0,-0.113491373296485,0.909641002006584,0.999404607489873
"UGT1A1",362.699570073283,0,0,-0.114114816727923,0.909146776901003,0.999404607489873
"FOLR1",244.583033256649,0,0,-0.11606902405136,0.907597838079261,0.999404607489873
"SLC19A1",244.583033256649,0,0,-0.11606902405136,0.907597838079261,0.999404607489873
"SLC46A1",244.583033256649,0,0,-0.11606902405136,0.907597838079261,0.999404607489873
"FOLR2",244.583033256649,0,0,-0.11606902405136,0.907597838079261,0.999404607489873
"STK26",527.28379801302,0,0,-0.123063458675605,0.902056847031803,0.999404607489873
"POLK",634.178468705722,0,0,-0.123242663030919,0.901914942841701,0.999404607489873
"EPHB6",583.723220514258,0,0,-0.124474623751189,0.900939491416548,0.999404607489873
"MAP3K19",584.476402387501,0,0,-0.126475997930735,0.8993551473387,0.999404607489873
"SYK",554.150592223343,0,0,-0.128386388125301,0.897843202711563,0.999404607489873
"XBP1",242.713119902875,0,0,-0.129560004279295,0.896914548420419,0.999404607489873
"FAAH",59.8430068016638,0,0,-0.130192671609085,0.896413992441736,0.999404607489873
"INSR",518.69965935415,0,0,-0.13281102450732,0.894342835305924,0.999404607489873
"PDGFRB",587.669739481946,0,0,-0.133185321869933,0.894046818877775,0.999404607489873
"RXRA",607.599050633094,0,0,-0.133463302716473,0.893826984777539,0.999404607489873
"CDK11A",405.525398569468,0,0,-0.134536020240958,0.892978729949086,0.999404607489873
"CDK11B",405.525398569468,0,0,-0.134536020240958,0.892978729949086,0.999404607489873
"CYP11B2",424.227687252617,0,0,-0.13846349416256,0.889874119103678,0.999404607489873
"PHKG1",499.338181490026,0,0,-0.139605469836655,0.888971718644737,0.999404607489873
"KCNA3",301.608958420377,0,0,-0.144117665900948,0.885407554976797,0.999404607489873
"MAP2K7",384.279877129349,0,0,-0.148562977676806,0.881898488279067,0.999404607489873
"PIP5K1A",381.44380491393,0,0,-0.150544723265308,0.880334868699521,0.999404607489873
"TNKS",373.179721796041,0,0,-0.15558703363611,0.87635854612791,0.999404607489873
"OPRD1",540.28198146033,0,0,-0.158861377883466,0.873778090184785,0.999404607489873
"ESRRA",264.454798573842,0,0,-0.15981547768606,0.873026431364959,0.999404607489873
"TNK2",500.693490421766,0,0,-0.160110674728885,0.872793892440954,0.999404607489873
"COMT",-65.2435924898294,1,1,-0.162824141391294,0.870656899837279,0.999404607489873
"PRNP",420.142764396288,0,0,-0.163104013047793,0.870436540155748,0.999404607489873
"MAP2K6",370.112794356418,0,0,-0.163930230563406,0.869786068470026,0.999404607489873
"CLK4",526.805061577525,0,0,-0.164435477479536,0.869388336679549,0.999404607489873
"HCK",545.206087839949,0,0,-0.167758753313038,0.866773072630219,0.999404607489873
"KEAP1",-613.549312756209,1,1,-0.168276386260815,0.866365849982976,0.999404607489873
"IGF1R",416.084146072371,0,0,-0.177694420794637,0.858962967079946,0.999404607489873
"RIOK2",387.556252235178,0,0,-0.178048606469583,0.858684803102775,0.999404607489873
"MYLK",463.015460619964,0,0,-0.178317886088144,0.858473332853394,0.999404607489873
"CSNK1G3",124.023542365896,0,0,-0.180308416127376,0.856910448842921,0.999404607489873
"SCN4A",418.927726776068,0,0,-0.184996538144787,0.853231750869605,0.999404607489873
"AKR1C1",93.1578076949967,0,0,-0.185606483692944,0.852753368669274,0.999404607489873
"PRKCZ",326.764282644262,0,0,-0.186590249527891,0.851981912233327,0.999404607489873
"TRPV1",467.20673741296,0,0,-0.187381570049154,0.851361471644482,0.999404607489873
"TTR",387.990130520452,0,0,-0.189671225044588,0.849566770554126,0.999404607489873
"STK10",539.157973568523,0,0,-0.193889367313944,0.846262509371888,0.999404607489873
"AURKC",507.083654009922,0,0,-0.19684101386858,0.843951954527404,0.999404607489873
"PTPN22",-674.554215899043,1,1,-0.197465840744723,0.843463010261186,0.999404607489873
"PKMYT1",168.894962335748,0,0,-0.206197457898319,0.836636673486084,0.999404607489873
"MAP3K11",372.443201997452,0,0,-0.207753590011299,0.835421371681613,0.999404607489873
"CDKL2",416.47424714589,0,0,-0.212581385026381,0.831653492177335,0.999404607489873
"CCKAR",-153.612051232095,1,1,-0.213188652784047,0.831179818600847,0.999404607489873
"TEK",485.146626174001,0,0,-0.217464306520496,0.827846520661611,0.999404607489873
"SLC5A7",53.3358180574264,0,0,-0.221054499891258,0.825049997666856,0.999404607489873
"ATG4B",-182.692080342138,1,1,-0.221151184931179,0.824974716943965,0.999404607489873
"ACE2",24.2768572715605,0,0,-0.221891194431519,0.824398585502683,0.999404607489873
"PKN1",389.030780996646,0,0,-0.222851486603567,0.823651094933782,0.999404607489873
"STK16",350.328904119969,0,0,-0.22418246550558,0.822615326762403,0.999404607489873
"TRPA1",157.832686871685,0,0,-0.224804042925303,0.822131720777783,0.999404607489873
"CRHR1",-813.565388634354,1,1,-0.226043566340971,0.82116753606863,0.999404607489873
"ABCC2",222.166405340779,0,0,-0.226506114213281,0.820807804343195,0.999404607489873
"APBA1",-244.910537188763,1,1,-0.230086180411664,0.81802480327291,0.999404607489873
"PAK3",311.720041022363,0,0,-0.230438978975843,0.81775067518563,0.999404607489873
"HSD17B2",-228.685377101399,1,1,-0.230877407333337,0.817410042933331,0.999404607489873
"FDFT1",-871.570050639016,1,1,-0.231598092851913,0.816850188927139,0.999404607489873
"WEE2",255.758565765254,0,0,-0.23248557335307,0.816160891084067,0.999404607489873
"AAK1",437.037012480823,0,0,-0.232989813514838,0.815769315763594,0.999404607489873
"RIOK1",360.318329550498,0,0,-0.235111785554435,0.814121971514328,0.999404607489873
"ANKK1",392.58068392791,0,0,-0.237802686807535,0.812034134672511,0.999404607489873
"GPR55",-19.4182214304563,1,1,-0.237951298199965,0.811918867726375,0.999404607489873
"DUSP3",-196.893822294799,1,1,-0.240473038185389,0.809963562513224,0.999404607489873
"CDK16",448.793967101805,0,0,-0.241320189639983,0.809306964143908,0.999404607489873
"AURKB",488.592555335309,0,0,-0.247364799760203,0.804625913532996,0.999404607489873
"PTAFR",-230.103081605087,1,1,-0.24972015668042,0.802803769180484,0.999404607489873
"CETP",-250.776130490473,1,1,-0.252687534106113,0.800509681685632,0.999404607489873
"CSNK1E",418.391942974687,0,0,-0.254787147221357,0.798887502772891,0.999404607489873
"FASN",262.497259549233,0,0,-0.255200586587674,0.798568178034695,0.999404607489873
"SGK2",-927.574551884897,1,1,-0.25569551692651,0.798185957098935,0.999404607489873
"GLO1",229.336474871449,0,0,-0.256023442422361,0.797932735993325,0.999404607489873
"GFER",155.577783968179,0,0,-0.258308582282242,0.796168763268212,0.999404607489873
"ESRRB",-33.8419349368282,1,1,-0.262179861250747,0.793182778873422,0.999404607489873
"BLK",499.698696561879,0,0,-0.262775526567403,0.792723599776287,0.999404607489873
"AXL",478.355879704451,0,0,-0.262786993918907,0.792714760671084,0.999404607489873
"PAK2",159.181433215189,0,0,-0.270090882533745,0.787090336227255,0.999404607489873
"NUAK2",401.099504286353,0,0,-0.272363834536308,0.785342277739954,0.999404607489873
"NR2E3",-964.577525922354,1,1,-0.273750621109642,0.784276273075509,0.999404607489873
"PIK3R2",-1040.58363475605,1,1,-0.287198737582068,0.77396015288527,0.999404607489873
"FLT4",468.162252472416,0,0,-0.291963556539006,0.770314488206621,0.999404607489873
"PTGFR",-141.362134250557,1,1,-0.296789579060791,0.766627161915251,0.999404607489873
"GRK4",287.44459760034,0,0,-0.296806258320136,0.76661442722052,0.999404607489873
"SRPK3",287.44459760034,0,0,-0.296806258320136,0.76661442722052,0.999404607489873
"PLIN1",172.232149905146,0,0,-0.29758058502415,0.766023294511364,0.999404607489873
"MAP3K12",286.330968999284,0,0,-0.297650825781707,0.765969678388227,0.999404607489873
"FPR1",-359.199815689325,1,1,-0.302006056520969,0.762647445968569,0.999404607489873
"MAP2K2",410.843359450257,0,0,-0.30534159503955,0.760105999305043,0.999404607489873
"AVPR2",-154.204783709576,1,1,-0.309254626025101,0.757127843453903,0.999404607489873
"NEK3",-371.547763442959,1,1,-0.310425643188932,0.75623729620328,0.999404607489873
"CAMK1D",292.382018671103,0,0,-0.313419051479521,0.753962311861429,0.999404607489873
"ITK",321.917799156566,0,0,-0.319338348537676,0.749469955822851,0.999404607489873
"VCP",-1158.59311952415,1,1,-0.31985908087807,0.749075158259499,0.999404607489873
"NPY1R",-1158.59311952415,1,1,-0.31985908087807,0.749075158259499,0.999404607489873
"CYP11B1",67.0125119041382,0,0,-0.321933585233677,0.747503009188167,0.999404607489873
"SCN10A",224.68664742449,0,0,-0.326274078770875,0.744216998219022,0.999404607489873
"SCN7A",224.68664742449,0,0,-0.326274078770875,0.744216998219022,0.999404607489873
"SCN8A",224.68664742449,0,0,-0.326274078770875,0.744216998219022,0.999404607489873
"SCN11A",224.68664742449,0,0,-0.326274078770875,0.744216998219022,0.999404607489873
"HSD17B1",-194.159791136237,1,1,-0.327587633687095,0.743223473335406,0.999404607489873
"BCL2",-422.205742642667,1,1,-0.329800584989835,0.741550645327143,0.999404607489873
"TLK1",129.435869772667,0,0,-0.33307776215413,0.739075585131153,0.999404607489873
"RIOK3",215.969600593073,0,0,-0.333852955517917,0.738490520950213,0.999404607489873
"ESRRG",-193.090619661181,1,1,-0.335324025972209,0.73738067172363,0.999404607489873
"CSNK1D",292.632554085759,0,0,-0.335334874759102,0.73737248888596,0.999404607489873
"SLK",442.662152050465,0,0,-0.341658459519351,0.732607937277915,0.999404607489873
"PPARD",497.033304309806,0,0,-0.343291173201263,0.731379420567185,0.999404607489873
"GLP1R",577.625790283741,0,0,-0.344849265322237,0.730207693866174,0.999404607489873
"HKDC1",-1303.60477453581,1,1,-0.34608769263109,0.729276812437176,0.999404607489873
"BCL2L1",-184.423611915499,1,1,-0.347591805574589,0.728146761197242,0.999404607489873
"STK24",150.876409100014,0,0,-0.347821928131425,0.727973920449787,0.999404607489873
"HRH3",253.681076600989,0,0,-0.361295248640485,0.717878745220486,0.999404607489873
"MET",403.345950840704,0,0,-0.362319384235639,0.717113374317958,0.999404607489873
"POLB",445.836733542314,0,0,-0.363676311867743,0.716099734217142,0.999404607489873
"STAT1",-1324.60646250301,1,1,-0.365924009073379,0.714421780351044,0.999404607489873
"SENP7",-1324.60646250301,1,1,-0.365924009073379,0.714421780351044,0.999404607489873
"EPHX2",26.8325437340961,0,0,-0.366954192011324,0.713653187423017,0.999404607489873
"BMP2K",311.428284167461,0,0,-0.36714428497891,0.713511395687478,0.999404607489873
"SLCO1B1",406.797277883059,0,0,-0.371633549686791,0.710165706316714,0.999404607489873
"BACE1",-7.48775512143222,1,1,-0.376452683065751,0.706580386055913,0.999404607489873
"PDE10A",-130.605625985735,1,1,-0.380295256369759,0.703726256355532,0.999404607489873
"PIM1",276.098878997842,0,0,-0.38735958221189,0.698490021401697,0.999404607489873
"EGFR",508.101114293464,0,0,-0.394167319397455,0.693457511929751,0.999404607489873
"RORA",-1415.61377702757,1,1,-0.397120036704826,0.691278945088198,0.999404607489873
"RORB",-1415.61377702757,1,1,-0.397120036704826,0.691278945088198,0.999404607489873
"TRPM8",-300.767045541601,1,1,-0.39913782497132,0.689791652851624,0.999404607489873
"ABCC1",208.511035420118,0,0,-0.402318531353187,0.687449618197415,0.999404607489873
"RXRG",-620.458637555856,1,1,-0.411173023202036,0.680945667829552,0.999404607489873
"RXRB",-620.458637555856,1,1,-0.411173023202036,0.680945667829552,0.999404607489873
"MPI",-1470.61819789406,1,1,-0.416232636008443,0.67723978056553,0.999404607489873
"PMM2",-1470.61819789406,1,1,-0.416232636008443,0.67723978056553,0.999404607489873
"EBPL",-686.270783812968,1,1,-0.426990445513694,0.669386286841298,0.999404607489873
"HCN4",-1567.62599469496,1,1,-0.430291985898347,0.666983256042416,0.999404607489873
"SLC29A1",-381.172541014861,1,1,-0.431855861704235,0.665846176203227,0.999404607489873
"PAK1",41.061072049954,0,0,-0.432863846039632,0.665113686708189,0.999404607489873
"ABCC3",-431.055740595416,1,1,-0.442950807893504,0.657801316290619,0.999404607489873
"ADORA1",200.114472935949,0,0,-0.445972237811259,0.655617299990013,0.999404607489873
"MT-ND4",-778.759322269955,1,1,-0.448077829824555,0.654097027667781,0.999404607489873
"NUAK1",10.2153225930328,0,0,-0.457869619930411,0.647046114296382,0.999404607489873
"PDE7B",-786.725194110979,1,1,-0.458904370037312,0.646302840463248,0.999404607489873
"ATP4B",-262.962568684423,1,1,-0.461209928736654,0.644647998993932,0.999404607489873
"ATP4A",-262.962568684423,1,1,-0.461209928736654,0.644647998993932,0.999404607489873
"GRM1",-1666.63395225464,1,1,-0.466567311265542,0.640809478882891,0.999404607489873
"ATAD5",566.868982067643,0,0,-0.469132379615471,0.638975015838752,0.999404607489873
"PARP1",-65.2745751375767,1,1,-0.471759974597225,0.637098123134056,0.999404607489873
"NEK4",-1735.6394984326,1,1,-0.476240019957193,0.633903391235084,0.999404607489873
"PDE1B",-176.567807942262,1,1,-0.477857448681383,0.632751668909147,0.999404607489873
"PDE1A",-176.567807942262,1,1,-0.477857448681383,0.632751668909147,0.999404607489873
"PDE1C",-176.567807942262,1,1,-0.477857448681383,0.632751668909147,0.999404607489873
"CREBBP",-153.18108653174,1,1,-0.47824355325434,0.632476866933699,0.999404607489873
"SCN9A",139.93481281988,0,0,-0.484523772144514,0.628014197545904,0.999404607489873
"PLK1",286.514920743957,0,0,-0.485843710972699,0.627077980222607,0.999404607489873
"NOD2",-884.984948031807,1,1,-0.494789425440821,0.620748769542599,0.999404607489873
"IDE",-1761.64158829676,1,1,-0.495051509127354,0.620563761485183,0.999404607489873
"GPR35",45.5934448406009,0,0,-0.49802491905739,0.618466478501805,0.999404607489873
"ADRB3",340.269270410621,0,0,-0.512764465591886,0.60811608920973,0.999404607489873
"MMP1",-229.205714116203,1,1,-0.519295935395844,0.603554387380523,0.999404607489873
"CA4",327.071139849446,0,0,-0.520484386898007,0.602726007207951,0.999404607489873
"SLC6A1",-1887.65171609999,1,1,-0.526435527991884,0.598585636221137,0.999404607489873
"CXCR1",-240.818171970026,1,1,-0.527095071964724,0.598127568773163,0.999404607489873
"MC5R",-150.764928362878,1,1,-0.528528010242764,0.597132911300586,0.999404607489873
"SCNN1A",-622.997037452508,1,1,-0.543435721190516,0.586829836657532,0.999404607489873
"PRSS1",-626.924254321206,1,1,-0.545520026466219,0.585395910794982,0.999404607489873
"PRSS2",-626.924254321206,1,1,-0.545520026466219,0.585395910794982,0.999404607489873
"PRSS3",-626.924254321206,1,1,-0.545520026466219,0.585395910794982,0.999404607489873
"GPBAR1",-56.1957820336222,1,1,-0.557488416320371,0.577193771281018,0.999404607489873
"PARP14",-1995.66039707419,1,1,-0.560690578440574,0.575008491066771,0.999404607489873
"MMP3",-326.250922555394,1,1,-0.572104117402852,0.567251439867262,0.999404607489873
"ADORA2A",215.051207867897,0,0,-0.577707704069433,0.563461476940299,0.999404607489873
"CA3",163.195502397056,0,0,-0.579287526428438,0.56239518063992,0.999404607489873
"GNAS",352.393190332782,0,0,-0.584342554956343,0.558989866927514,0.999404607489873
"OPRM1",288.880669143693,0,0,-0.589133037495275,0.555772032662553,0.999404607489873
"ST14",-1116.31677257501,1,1,-0.598012052639263,0.549831891009804,0.999404607489873
"TYMS",-506.617789804102,1,1,-0.600511596891826,0.548165334496625,0.999404607489873
"PKM",216.706081980446,0,0,-0.604106932019749,0.545772551106958,0.999404607489873
"SOAT1",-2174.67478498513,1,1,-0.60857331696531,0.542807295333764,0.999404607489873
"DPP4",-741.137689714333,1,1,-0.609208305445402,0.542386375884299,0.999404607489873
"POLI",424.971232953886,0,0,-0.609669895530829,0.542080500472082,0.999404607489873
"CHRNA1",-741.308983466061,1,1,-0.616413294958745,0.53762178091544,0.999404607489873
"CHRNG",-741.308983466061,1,1,-0.616413294958745,0.53762178091544,0.999404607489873
"CHRND",-741.308983466061,1,1,-0.616413294958745,0.53762178091544,0.999404607489873
"CHRNB1",-741.308983466061,1,1,-0.616413294958745,0.53762178091544,0.999404607489873
"HPN",-1184.24667566075,1,1,-0.617704140083981,0.536770382414564,0.999404607489873
"PDE9A",-1196.89475016298,1,1,-0.625555589189247,0.531606476046231,0.999404607489873
"KDM1A",-762.608113010068,1,1,-0.637647403400414,0.523703230746036,0.999404607489873
"NMUR2",-1251.52011102041,1,1,-0.646286870801561,0.518093589020154,0.999404607489873
"microRNA 21",366.990051933943,0,0,-0.649731384577017,0.51586574747202,0.999404607489873
"FFAR1",-420.703371576451,1,1,-0.650394082308603,0.515437698831934,0.999404607489873
"NQO2",-175.690530497591,1,1,-0.656571464345406,0.511456502213892,0.999404607489873
"THRB",429.272704721265,0,0,-0.657375531191497,0.510939480976762,0.999404607489873
"MMP16",-2377.69110200145,1,1,-0.659162205725293,0.509791613663954,0.999404607489873
"PHOSPHO1",-1254.90535206333,1,1,-0.660136005638433,0.509166554687085,0.999404607489873
"SMO",-577.12270683154,1,1,-0.662096148293672,0.507909604151707,0.999404607489873
"PTGES",-886.303372891165,1,1,-0.666434781540365,0.505133237026621,0.999404607489873
"RAPGEF4",32.7127858964387,0,0,-0.675535124741673,0.499335843214585,0.999404607489873
"PTGDR2",-1323.71486398856,1,1,-0.675962065300337,0.499064730309498,0.999404607489873
"PPARG",325.612930537544,0,0,-0.676116851094318,0.498966458602856,0.999404607489873
"CISD1",-235.626500973164,1,1,-0.696293718118623,0.486244906425089,0.999404607489873
"ESR1",410.473530687624,0,0,-0.700383996691756,0.483687527724396,0.999404607489873
"SLC22A6",-24.9661944777795,1,1,-0.714181630684613,0.475114874136102,0.999404607489873
"SLC22A8",-322.738163942081,1,1,-0.716409917897406,0.473738272680586,0.999404607489873
"SETD7",-1408.16406599849,1,1,-0.722547899239808,0.469957687313202,0.999404607489873
"CHRNB4",-532.698209075856,1,1,-0.728859889212091,0.466087372753236,0.999404607489873
"CHRNA3",-532.698209075856,1,1,-0.728859889212091,0.466087372753236,0.999404607489873
"PDE7A",-998.923960950135,1,1,-0.738600779318481,0.460149450870896,0.999404607489873
"NOX1",-2703.71730568282,1,1,-0.742991646625126,0.457486737833093,0.999404607489873
"GLA",98.5888206634919,0,0,-0.743098272775961,0.4574221852883,0.999404607489873
"RAPGEF3",-225.387277579654,1,1,-0.75410906466211,0.450783734822137,0.999404607489873
"AGTR1",-366.080260109347,1,1,-0.75420482909106,0.450726238349089,0.999404607489873
"CXCR2",-1509.39833649631,1,1,-0.756238149781589,0.449506423494117,0.999404607489873
"CYP19A1",67.4933907295486,0,0,-0.778639010510602,0.436192392387295,0.999404607489873
"ABCC4",197.998262982957,0,0,-0.778825885578422,0.436082287124687,0.999404607489873
"CXCR4",-1094.91186810896,1,1,-0.779229101679586,0.435844770082808,0.999404607489873
"CRHBP",-2803.7253436219,1,1,-0.782739728298898,0.433779967408965,0.999404607489873
"CRHR2",-2803.7253436219,1,1,-0.782739728298898,0.433779967408965,0.999404607489873
"GALC",305.193604248079,0,0,-0.784724927791671,0.432614864039513,0.999404607489873
"KCNK2",-270.184847909741,1,1,-0.787692978186487,0.430876313830236,0.999404607489873
"ALDH2",-1614.22449859319,1,1,-0.795890725832197,0.426095552186733,0.999404607489873
"ATXN2",471.778814807843,0,0,-0.80170753927943,0.422722153649662,0.999404607489873
"SLC22A12",-1140.74978969584,1,1,-0.804947291176487,0.420850096743639,0.999404607489873
"ELAVL3",-1165.74069723463,1,1,-0.807426382429071,0.419420872210863,0.999404607489873
"NR1I2",178.029746784684,0,0,-0.826656450602218,0.408431811561406,0.999404607489873
"CFTR",-1698.77750030288,1,1,-0.83180941736681,0.405516527416232,0.999404607489873
"CALM1",-1212.84861705022,1,1,-0.83755770673462,0.402279154363683,0.999404607489873
"CA7",150.16998582735,0,0,-0.838703711441273,0.401635595116759,0.999404607489873
"PARP12",-1727.89355180523,1,1,-0.84073828973376,0.400494564975314,0.999404607489873
"ATM",-1740.256882918,1,1,-0.842690985550783,0.399401290035558,0.999404607489873
"CACNA1S",74.3164398459465,0,0,-0.843404640680869,0.399002177401396,0.999404607489873
"CACNA1D",74.3164398459465,0,0,-0.843404640680869,0.399002177401396,0.999404607489873
"CACNA1F",74.3164398459465,0,0,-0.843404640680869,0.399002177401396,0.999404607489873
"CCR2",-1294.60678896417,1,1,-0.870943214739899,0.383785159367271,0.999404607489873
"P2RY11",-1775.29755147076,1,1,-0.871400231867508,0.383535659239309,0.999404607489873
"CA5B",29.1027129998578,0,0,-0.880623049904295,0.378521878544297,0.999404607489873
"BAD",-3202.75741499879,1,1,-0.886266139322305,0.375474130825758,0.999404607489873
"BCL2L11",-3202.75741499879,1,1,-0.886266139322305,0.375474130825758,0.999404607489873
"CA6",43.1414295714872,0,0,-0.890919295650837,0.372972467806527,0.999404607489873
"CYP1A1",-414.568823515084,1,1,-0.905661922280844,0.3651148226899,0.999404607489873
"CA5A",5.68594200435657,0,0,-0.911183847892114,0.362198513040414,0.999404607489873
"ADRB1",127.58530030592,0,0,-0.911293977670176,0.362140498716729,0.999404607489873
"EBP",-324.194816149918,1,1,-0.948670868422073,0.342788034804128,0.999404607489873
"MPO",-461.65549162074,1,1,-0.960761058355935,0.336672322804206,0.999404607489873
"REN",-1460.50271137136,1,1,-0.961694082385182,0.336203295784119,0.999404607489873
"ESR2",-56.804368756752,1,1,-0.964732610399233,0.334678757139017,0.999404607489873
"PLAU",-1493.73629782928,1,1,-0.965912058544341,0.334088187847169,0.999404607489873
"SLC2A2",-2066.12509615395,1,1,-0.967629133289555,0.333229622033047,0.999404607489873
"CYP2J2",-113.837575338674,1,1,-0.968133967271995,0.332977467802424,0.999404607489873
"RORC",112.249159427938,0,0,-0.968828057794774,0.3326309849607,0.999404607489873
"HTR1F",-2043.63888341215,1,1,-0.973905059584188,0.330103681320693,0.999404607489873
"HTR1E",-2043.63888341215,1,1,-0.973905059584188,0.330103681320693,0.999404607489873
"CA1",-10.8884643636544,1,1,-0.981366143028732,0.326412215953077,0.999404607489873
"CYP2C8",-243.551958711574,1,1,-0.981403130550792,0.326393982985536,0.999404607489873
"PARP4",-1487.10795323342,1,1,-0.985909621504516,0.324177465024506,0.999404607489873
"PARP10",-1487.10795323342,1,1,-0.985909621504516,0.324177465024506,0.999404607489873
"PARP2",-1487.10795323342,1,1,-0.985909621504516,0.324177465024506,0.999404607489873
"PARP3",-1487.10795323342,1,1,-0.985909621504516,0.324177465024506,0.999404607489873
"GBA",169.733118252229,0,0,-1.02604886156014,0.304868553170581,0.999404607489873
"PPARA",-377.722268412089,1,1,-1.03175067548297,0.302188931233711,0.999404607489873
"RUNX1",245.080585991316,0,0,-1.03246648302702,0.301853641200959,0.999404607489873
"CBFB",245.080585991316,0,0,-1.03246648302702,0.301853641200959,0.999404607489873
"GPR17",-1583.7945257606,1,1,-1.03297584639565,0.301615202133533,0.999404607489873
"CACNA1C",66.3069535337526,0,0,-1.05297415028755,0.292352839583019,0.98803017857287
"CAPN1",-3816.8067679447,1,1,-1.06010073073734,0.289098775406758,0.982576822977121
"CTSK",-3816.8067679447,1,1,-1.06010073073734,0.289098775406758,0.982576822977121
"LTB4R",-3850.80950084398,1,1,-1.0673659337176,0.285806625324791,0.982002251115947
"TUBA1C",-793.243634981213,1,1,-1.07771820859484,0.281159530005217,0.978581221316859
"TUBB6",-793.243634981213,1,1,-1.07771820859484,0.281159530005217,0.978581221316859
"TUBA1A",-793.243634981213,1,1,-1.07771820859484,0.281159530005217,0.978581221316859
"TUBB2A",-793.243634981213,1,1,-1.07771820859484,0.281159530005217,0.978581221316859
"TUBB8",-793.243634981213,1,1,-1.07771820859484,0.281159530005217,0.978581221316859
"TUBB4B",-793.243634981213,1,1,-1.07771820859484,0.281159530005217,0.978581221316859
"TUBB1",-793.243634981213,1,1,-1.07771820859484,0.281159530005217,0.978581221316859
"TUBA4A",-793.243634981213,1,1,-1.07771820859484,0.281159530005217,0.978581221316859
"TUBB3",-793.243634981213,1,1,-1.07771820859484,0.281159530005217,0.978581221316859
"TUBB4A",-793.243634981213,1,1,-1.07771820859484,0.281159530005217,0.978581221316859
"TUBB2B",-793.243634981213,1,1,-1.07771820859484,0.281159530005217,0.978581221316859
"TUBA3C",-793.243634981213,1,1,-1.07771820859484,0.281159530005217,0.978581221316859
"TUBA3E",-793.243634981213,1,1,-1.07771820859484,0.281159530005217,0.978581221316859
"TUBA1B",-793.243634981213,1,1,-1.07771820859484,0.281159530005217,0.978581221316859
"TUBB",-793.243634981213,1,1,-1.07771820859484,0.281159530005217,0.978581221316859
"SNUPN",-25.8098271316701,1,1,-1.07845883404492,0.280829043359165,0.978581221316859
"KPNB1",-25.8098271316701,1,1,-1.07845883404492,0.280829043359165,0.978581221316859
"HSD11B1",-3913.8145647456,1,1,-1.08423340677466,0.278261323132191,0.978581221316859
"CA12",12.8947877462891,0,0,-1.09207280558536,0.274801101382299,0.978581221316859
"CHRNA2",-1721.68362153852,1,1,-1.10820613111587,0.267772803569831,0.978581221316859
"RAN",-105.133844094795,1,1,-1.12754042952679,0.259514056922111,0.978581221316859
"CCL2",-2492.40533889949,1,1,-1.13795005111761,0.255141339868614,0.978581221316859
"SLC6A3",239.88402672129,0,0,-1.1461220008775,0.251744675504483,0.978581221316859
"ALB",-669.478923195396,1,1,-1.14746428493924,0.251189785790596,0.978581221316859
"SMPD1",-4142.83297162608,1,1,-1.14757359493983,0.251144635501791,0.978581221316859
"HSD17B10",296.311891703697,0,0,-1.15020368820592,0.250059987521572,0.978581221316859
"HTR4",-1472.76775171302,1,1,-1.16013951385908,0.245992008638975,0.978581221316859
"FFAR4",-2510.4564580859,1,1,-1.16113420189187,0.245587327738358,0.978581221316859
"ADORA2B",-1254.09859278821,1,1,-1.17044602527918,0.241821523020775,0.978581221316859
"ERG",-77.5500527598828,1,1,-1.17082857541174,0.241667689264392,0.978581221316859
"CHRNB2",-920.197515090564,1,1,-1.18074931449905,0.237702324616299,0.978581221316859
"CHRNA4",-920.197515090564,1,1,-1.18074931449905,0.237702324616299,0.978581221316859
"FNTB",-4294.84518929347,1,1,-1.18603944990283,0.235606720602114,0.978581221316859
"FNTA",-4294.84518929347,1,1,-1.18603944990283,0.235606720602114,0.978581221316859
"PGGT1B",-4294.84518929347,1,1,-1.18603944990283,0.235606720602114,0.978581221316859
"MMP14",-2667.26444486938,1,1,-1.20420933079887,0.228508680440615,0.978581221316859
"MMP7",-2667.26444486938,1,1,-1.20420933079887,0.228508680440615,0.978581221316859
"PREP",-2693.27918695544,1,1,-1.21269251429745,0.225247402895743,0.977591967223629
"KDM4A",-192.742032038279,1,1,-1.21768033962143,0.223345471063769,0.973277825123415
"PGR",-447.742285198604,1,1,-1.22373713322302,0.221051406785811,0.967212686017916
"APOBEC3G",-349.834333409701,1,1,-1.22395992289951,0.220967346501634,0.967212686017916
"ADAM17",-2001.76233566581,1,1,-1.22687490185994,0.219869613100252,0.967212686017916
"GAA",13.4176055999812,0,0,-1.22907027733233,0.21904545796933,0.967212686017916
"L3MBTL1",-867.765101437335,1,1,-1.23851186683117,0.215526324705484,0.962684250351164
"HCAR2",-4494.86126517161,1,1,-1.24968959098529,0.211412961178659,0.948262319596328
"SLC47A1",-104.276840462813,1,1,-1.25347986838962,0.210031121062017,0.946022528481019
"MMP13",-1174.15067934082,1,1,-1.25357965062401,0.209994831491953,0.946022528481019
"CA14",-205.286477171564,1,1,-1.25416799608385,0.209780949769101,0.946022528481019
"EDNRB",-4551.86584679688,1,1,-1.27174486254473,0.203463785171768,0.928141181719726
"SLC10A1",-2109.57636695015,1,1,-1.27214855551949,0.203320341982702,0.928141181719726
"CTSB",-4593.86922273129,1,1,-1.27862370282683,0.20102959900289,0.924908713009005
"CTSL",-4593.86922273129,1,1,-1.27862370282683,0.20102959900289,0.924908713009005
"MAOB",-189.913022834369,1,1,-1.28398120997896,0.19914853005269,0.924187117820276
"PTH1R",-155.812610389007,1,1,-1.28898425190323,0.197403561499656,0.920072251859266
"CYP1B1",-644.699458312304,1,1,-1.29329252453964,0.195909905153159,0.91709789661217
"KCNE1",-2109.95717530063,1,1,-1.30105506445439,0.193239607293845,0.908565171135975
"KCNQ1",-2109.95717530063,1,1,-1.30105506445439,0.193239607293845,0.908565171135975
"PDE6G",-1448.82684807429,1,1,-1.3076291217683,0.19099913440253,0.905978195042091
"PDE6B",-1448.82684807429,1,1,-1.3076291217683,0.19099913440253,0.905978195042091
"PDE6H",-1448.82684807429,1,1,-1.3076291217683,0.19099913440253,0.905978195042091
"PDE6C",-1448.82684807429,1,1,-1.3076291217683,0.19099913440253,0.905978195042091
"PDE11A",-1448.82684807429,1,1,-1.3076291217683,0.19099913440253,0.905978195042091
"PDE6A",-1448.82684807429,1,1,-1.3076291217683,0.19099913440253,0.905978195042091
"PTGS2",-89.7110538542838,1,1,-1.31381861493304,0.188907251715731,0.905978195042091
"USP2",140.749016999972,0,0,-1.31653791564398,0.187993561143144,0.905978195042091
"SLC22A3",-650.170608548377,1,1,-1.32196651800038,0.186179300440053,0.905978195042091
"NISCH",-724.82924628148,1,1,-1.32816378713179,0.184124004679728,0.905978195042091
"GABRG2",-703.020622461601,1,1,-1.33224068265691,0.182781112024243,0.905978195042091
"GABRB2",-703.020622461601,1,1,-1.33224068265691,0.182781112024243,0.905978195042091
"GRM5",-3133.77672676836,1,1,-1.38928139044342,0.164747200484663,0.848612136611761
"PDE3B",-873.76914146498,1,1,-1.39443392989667,0.163186608070368,0.848612136611761
"PDE3A",-873.76914146498,1,1,-1.39443392989667,0.163186608070368,0.848612136611761
"P0AD65",-3085.53136188995,1,1,-1.39702700108527,0.162405451670167,0.848612136611761
"P0AEB2",-3085.53136188995,1,1,-1.39702700108527,0.162405451670167,0.848612136611761
"P0AD68",-3085.53136188995,1,1,-1.39702700108527,0.162405451670167,0.848612136611761
"P08506",-3085.53136188995,1,1,-1.39702700108527,0.162405451670167,0.848612136611761
"P24228",-3085.53136188995,1,1,-1.39702700108527,0.162405451670167,0.848612136611761
"P02919",-3085.53136188995,1,1,-1.39702700108527,0.162405451670167,0.848612136611761
"P02918",-3085.53136188995,1,1,-1.39702700108527,0.162405451670167,0.848612136611761
"THPO",141.747381370705,0,0,-1.40445896297117,0.160182223470206,0.848612136611761
"GNAI1",-1879.45488163817,1,1,-1.406465407991,0.15958596954708,0.848612136611761
"CHRNA7",-1369.69676815763,1,1,-1.41645575705561,0.156642109035864,0.848612136611761
"PDE4A",-921.739298826308,1,1,-1.42828201100652,0.153210703482391,0.848612136611761
"PDE4C",-921.739298826308,1,1,-1.42828201100652,0.153210703482391,0.848612136611761
"PDE4B",-921.739298826308,1,1,-1.42828201100652,0.153210703482391,0.848612136611761
"SULT1A1",-3184.34761849806,1,1,-1.43080266236507,0.152486779854731,0.848612136611761
"CA9",-262.600491218881,1,1,-1.43497755861396,0.151293492614766,0.848612136611761
"NPSR1",134.187593391971,0,0,-1.438387729153,0.150324072344018,0.848612136611761
"CYP2A13",-2382.61849443458,1,1,-1.45021580829849,0.146998348088087,0.848612136611761
"FBP1",-5247.92179085283,1,1,-1.46996869603009,0.141570232424293,0.830810007890539
"MIF",-3352.23589877324,1,1,-1.48676945768189,0.13707571075298,0.820922692330698
"ITGB3",-3382.28316631839,1,1,-1.49319004699562,0.135387446691132,0.815367094679175
"ADAM9",-3367.5219200021,1,1,-1.49381029879337,0.135225208948772,0.815367094679175
"MMP8",-3379.05623354567,1,1,-1.50894516768907,0.131312795835279,0.804384669345253
"ITGA2B",-5540.94534201431,1,1,-1.5260938740776,0.126986487479174,0.782353532055603
"ACHE",-156.513726899699,1,1,-1.53101211709294,0.125766397974887,0.782353532055603
"KCNJ8",-5489.94124266538,1,1,-1.5422905005169,0.123003016333415,0.771106628710066
"EDNRA",-1825.98693904653,1,1,-1.54487451612589,0.122376618643032,0.771106628710066
"CA2",-212.96585831222,1,1,-1.54892347738184,0.121400116453112,0.771106628710066
"GABRA6",-1299.50395704556,1,1,-1.55279323065734,0.120472540447485,0.771106628710066
"GABRA4",-1299.50395704556,1,1,-1.55279323065734,0.120472540447485,0.771106628710066
"DRD4",-133.187131628911,1,1,-1.56039716946643,0.118666053322527,0.770969752495447
"MMP9",-1081.18202780813,1,1,-1.58285355778599,0.113454846193527,0.741607287313786
"FEN1",66.1927941274574,0,0,-1.59028070255032,0.111771546441081,0.735086489477538
"CYSLTR1",-1647.98663567238,1,1,-1.59779547974614,0.11008850097453,0.729187187589027
"F10",-3673.19190317997,1,1,-1.59855613828288,0.109919262251522,0.729187187589027
"GABRG3",-1524.07912983759,1,1,-1.60883703631458,0.107651980129514,0.725804545275719
"GABRP",-1524.07912983759,1,1,-1.60883703631458,0.107651980129514,0.725804545275719
"GABRD",-1524.07912983759,1,1,-1.60883703631458,0.107651980129514,0.725804545275719
"GABRQ",-1524.07912983759,1,1,-1.60883703631458,0.107651980129514,0.725804545275719
"GABRE",-1524.07912983759,1,1,-1.60883703631458,0.107651980129514,0.725804545275719
"GABRG1",-1524.07912983759,1,1,-1.60883703631458,0.107651980129514,0.725804545275719
"MAPT",318.702418813579,0,0,-1.60895335094322,0.107626542345928,0.725804545275719
"ADORA3",-22.8375960347239,1,1,-1.6145117522279,0.106416469787617,0.725804545275719
"ADRA1B",-187.8396519132,1,1,-1.61658874086509,0.105967083884842,0.725804545275719
"CYP2B6",-1109.86342032986,1,1,-1.61811381024872,0.105638072809077,0.725804545275719
"PDE4D",-1035.55682485133,1,1,-1.61933909565981,0.105374323209011,0.725804545275719
"HNF4A",-5860.97106341934,1,1,-1.6234656461808,0.104489901415409,0.725804545275719
"SMN1",297.059782583488,0,0,-1.62697634514289,0.103742121817753,0.725804545275719
"BCHE",-893.211895002802,1,1,-1.62944144870596,0.103219600355853,0.725804545275719
"ADRA2C",66.0241344540988,0,0,-1.63078830134249,0.102934996768944,0.725804545275719
"GABRA5",-1266.50875967106,1,1,-1.63882612048222,0.101249477586402,0.725804545275719
"HTR1B",-981.953071206593,1,1,-1.66330055186177,0.0962522883136876,0.725804545275719
"PDE5A",-1154.67944069581,1,1,-1.66503674422968,0.095905425301266,0.725804545275719
"NFKB1",71.4174709767476,0,0,-1.67921685924453,0.0931097874113651,0.725804545275719
"MPHOSPH8",-192.535180743045,1,1,-1.69984503724264,0.0891600775653755,0.725804545275719
"HRH4",-884.752033038048,1,1,-1.7014724623634,0.0888543045249492,0.725804545275719
"GABRA1",-1061.13242539548,1,1,-1.70213769016216,0.0887295599857078,0.725804545275719
"RGS12",-2010.85303262942,1,1,-1.7027491677481,0.0886150192920767,0.725804545275719
"HTR3E",-1116.18757834612,1,1,-1.70936209584972,0.0873838975297105,0.725804545275719
"HTR3C",-1116.18757834612,1,1,-1.70936209584972,0.0873838975297105,0.725804545275719
"HTR3B",-1116.18757834612,1,1,-1.70936209584972,0.0873838975297105,0.725804545275719
"HTR3D",-1116.18757834612,1,1,-1.70936209584972,0.0873838975297105,0.725804545275719
"PDE6D",-1816.60478243854,1,1,-1.71026873651239,0.0872161901750614,0.725804545275719
"KCND3",-3895.2358127847,1,1,-1.71373631676616,0.086577163891641,0.725804545275719
"ACE",-926.450847487551,1,1,-1.72025206175052,0.0853866332518144,0.725804545275719
"ADRB2",-359.118730681694,1,1,-1.72886939882605,0.0838324720000281,0.725804545275719
"CHRM1",-29.3929711545858,1,1,-1.74153726928066,0.0815894463515733,0.725804545275719
"PTGS1",-222.459408831819,1,1,-1.74703865292098,0.0806306335175022,0.725804545275719
"ABCC8",-2484.75369347069,1,1,-1.75434671401358,0.0793711158996874,0.725804545275719
"HRH2",-326.271403559363,1,1,-1.77237055688257,0.076333065948776,0.725804545275719
"CYP2A6",-2522.26428944123,1,1,-1.78352520375574,0.074500848984101,0.725804545275719
"ALOX15",26.441749328172,0,0,-1.78540530643977,0.0741955985548437,0.725804545275719
"KCNJ11",-2192.43676985724,1,1,-1.8214164771406,0.0685435723612617,0.693195373313892
"MAOA",-505.953433302077,1,1,-1.84018307248323,0.0657413643099337,0.677641755194702
"CHRM4",-146.709302149876,1,1,-1.84216133692363,0.0654515539761955,0.677641755194702
"GABRB1",-1520.53178211012,1,1,-1.84518201617439,0.0650110656531707,0.677641755194702
"GRIN2B",-1298.00590969416,1,1,-1.88780014187117,0.059052786147074,0.63944027019862
"BAZ2B",-643.404173208993,1,1,-1.89426681289667,0.0581896037164732,0.636523012082237
"DRD5",-1173.45809925811,1,1,-1.89597303536497,0.0579636101976043,0.636523012082237
"CBX1",-156.011181438117,1,1,-1.91027861349904,0.0560973498906118,0.626420407111832
"GABRA3",-1464.84912015305,1,1,-1.9153027710396,0.0554539024201227,0.625753509414437
"GABRA2",-1276.79003400974,1,1,-1.92336611848492,0.0544340862877181,0.620780218089721
"AR",-108.166798459973,1,1,-1.94937779441422,0.0512503243640761,0.597177692590104
"HTR5A",-1711.28618594313,1,1,-1.95045781019833,0.0511215772659331,0.597177692590104
"TK1",-4535.74333495677,1,1,-1.96588418537941,0.0493119902666922,0.5873605951766
"NR3C2",-1475.62238725438,1,1,-1.96770499969979,0.0491019902379172,0.5873605951766
"SLC6A2",-8.88392868092524,1,1,-1.9874723365443,0.0468700785241276,0.577525565262814
"GRIN2C",-1671.77036010788,1,1,-2.02579674233589,0.042785617909205,0.53332770231009
"GRIN3B",-1671.77036010788,1,1,-2.02579674233589,0.042785617909205,0.53332770231009
"GRIN2D",-1671.77036010788,1,1,-2.02579674233589,0.042785617909205,0.53332770231009
"GRIN3A",-1671.77036010788,1,1,-2.02579674233589,0.042785617909205,0.53332770231009
"HIF1A",100.680958497126,0,0,-2.059986698515,0.0393998124468327,0.51508047491469
"H1F0",-2615.1723521834,1,1,-2.06719970295071,0.0387153401927291,0.512380798600069
"HMGCR",-2079.17312658799,1,1,-2.06751883219769,0.0386852915445481,0.512380798600069
"KAT2A",-150.242235624595,1,1,-2.0789363190833,0.0376232039614357,0.510532590464039
"BLM",-24.7661533409797,1,1,-2.10054592124415,0.0356808454863257,0.495690901741276
"SCN5A",-764.105574274367,1,1,-2.11099761206137,0.0347725171138198,0.490475504552827
"SHBG",-985.162467052764,1,1,-2.11962211633591,0.0340379258287607,0.486515419845752
"MTNR1B",-3814.31209814234,1,1,-2.13890898661507,0.0324430401000269,0.469985661989578
"MTNR1A",-3814.31209814234,1,1,-2.13890898661507,0.0324430401000269,0.469985661989578
"ABCC9",-3186.87761270564,1,1,-2.17153878246317,0.0298904688320461,0.445035869277131
"ALOX15B",24.8099891203109,0,0,-2.19719658456817,0.0280064094296114,0.422857336740048
"GABRB3",-1794.27006589939,1,1,-2.20438948809269,0.0274969643083542,0.421096367693653
"NR3C1",-192.569166911563,1,1,-2.22762847432776,0.0259053002459408,0.408389439171302
"HTR3A",-1309.91978390638,1,1,-2.23333233550731,0.0255270366705957,0.408389439171302
"PIN1",-854.574074392679,1,1,-2.24065765896442,0.0250482587387731,0.406844444969163
"TARDBP",-141.523208093799,1,1,-2.24825612832902,0.0245598624744535,0.405048808809449
"ADRA2A",-68.8797384236766,1,1,-2.25296495578062,0.0242613586621027,0.405048808809449
"SERPINA6",-1466.9302065727,1,1,-2.25359025807531,0.0242219567663319,0.405048808809449
"ADRA1A",-462.021324611434,1,1,-2.26512305513927,0.0235051292003558,0.405048808809449
"HPGD",-138.274710773865,1,1,-2.26813661528062,0.0233208812810709,0.405048808809449
"ABCB11",-88.1969567448792,1,1,-2.29587928846211,0.0216827842851052,0.405048808809449
"CHRM3",-348.67445281758,1,1,-2.30700054192902,0.0210547898964757,0.405048808809449
"HTR1D",-1616.11825411358,1,1,-2.31395719889249,0.0206700700466407,0.405048808809449
"GRIN1",-1469.57576795675,1,1,-2.3415722135172,0.01920271072999,0.405048808809449
"SLC22A1",-621.190374163792,1,1,-2.35436728627565,0.0185542678669763,0.405048808809449
"SLC22A2",-912.307062869844,1,1,-2.36871006340847,0.0178502405348495,0.405048808809449
"HSD17B3",-4342.45354067656,1,1,-2.3951147989577,0.0166151622436171,0.405048808809449
"CYSLTR2",-3633.85186514517,1,1,-2.42743128785643,0.0152061669898373,0.388119309835847
"OXER1",-3747.52772320614,1,1,-2.48141987685712,0.01308601262872,0.350705138449696
"GRIN2A",-1783.73211459074,1,1,-2.48410918932795,0.0129875978293306,0.350705138449696
"SLC6A4",-222.204569428084,1,1,-2.48767718131415,0.0128580387253883,0.350705138449696
"DRD3",-163.790703945198,1,1,-2.48916712285962,0.0128042760806083,0.350705138449696
"ADRA2B",-227.569311677275,1,1,-2.54895012454424,0.0108047751452721,0.321742193214769
"HTR6",-364.554467203798,1,1,-2.61221273253207,0.0089958258173038,0.275529293604276
"TAAR1",-3492.82059495729,1,1,-2.64865552822696,0.00808126555568826,0.25479754928523
"CHRM5",-530.71702963221,1,1,-2.65024377570841,0.00804337112986765,0.25479754928523
"KDM4E",-161.880238215253,1,1,-2.66897099302503,0.00760840207421239,0.25479754928523
"HRH1",-603.959938194621,1,1,-2.75735130297552,0.00582717096470575,0.201507331424663
"DRD2",-337.509098716548,1,1,-2.77640523851904,0.00549636546418167,0.196403459253425
"ADRA1D",-396.482228413148,1,1,-2.80512724782227,0.00502967191343366,0.185924423834513
"MAPK1",-149.004641613602,1,1,-2.83632996473137,0.00456352710331437,0.174717894812607
"HTR2B",-276.784355626164,1,1,-2.83811406251323,0.00453809624509548,0.174717894812607
"GLS",-554.507729504354,1,1,-2.84597286603829,0.00442759674646904,0.174717894812607
"CHRM2",-653.743124329514,1,1,-2.91830264503981,0.00351942580634104,0.150912978575904
"HTR2A",-297.744027354941,1,1,-2.92960455254377,0.00339393615459041,0.150912978575904
"SCN3A",-689.3990318386,1,1,-2.94551261201026,0.003224200029904,0.150275757915526
"HTR2C",-318.423364898356,1,1,-2.98121507714775,0.00287107074022413,0.139899446978194
"SCN1A",-745.71512819191,1,1,-3.03554493683223,0.00240101441723401,0.122566069298803
"HTR7",-1257.28570512543,1,1,-3.0775572141405,0.00208704770125598,0.11186575678732
"SCN2A",-732.520984524532,1,1,-3.09809297887262,0.00194770310711977,0.109891459517494
"ALDH1A1",-161.570634242142,1,1,-3.10746172245771,0.00188701420607863,0.109891459517494
"TSHR",-236.756019596361,1,1,-3.36953937985485,0.000752939315369437,0.0474794674162374
"HTR1A",-1087.17131969571,1,1,-3.437490638019,0.000587131015706566,0.0393377780523399
"CYP2C9",-267.994540399553,1,1,-3.52574926264995,0.000422286572913978,0.0301794137442523
"ARSA",-314.093094518907,1,1,-3.52805479753568,0.000418625485543752,0.0301794137442523
"APEX1",-187.030465578898,1,1,-3.74340784138375,0.000181541205579627,0.0149701671062584
"KCNH2",-346.752045433869,1,1,-3.76311691602987,0.000167808700448178,0.0149701671062584
"CYP2C19",-267.495894099158,1,1,-3.81372694867591,0.000136886704107987,0.0133402315276148
"TDP1",115.188019666191,0,0,-3.88046791811015,0.000104255696892824,0.0111762107069107
"SIGMAR1",-863.994053668055,1,1,-3.88625626164234,0.000101802040831646,0.0111762107069107
"DRD1",-291.661970266827,1,1,-3.97856956605987,6.93311265523441e-05,0.00929037095801411
"GMNN",27.6243428988403,0,0,-4.02639449203088,5.6638635963106e-05,0.00867380253606423
"RGS4",-447.945003498202,1,1,-4.37574085597101,1.21020725711031e-05,0.00216223696603709
"EHMT2",-80.3183497428235,1,1,-4.45177751689166,8.51623781086535e-06,0.00182588138664953
"LMNA",-68.7374284004844,1,1,-4.50250823221234,6.71561527466687e-06,0.00179978489361072
"CYP1A2",-371.86942372979,1,1,-4.7400541826449,2.1366107536884e-06,0.000763482242651321
"CYP3A4",-254.526363583388,1,1,-5.10678439183321,3.27687282269067e-07,0.00017564038329622
"CYP2D6",-591.816492819608,1,1,-5.84089980060608,5.19196264789282e-09,5.5657839585411e-06
